formID,editorID,name,plugin,mod,npcCount,uniqueNpcCount,status,family,also,subgroup,reason,reason_detail,today,today_via,today_mismatch,raceActorTypeKeywords,npcActorTypeKeywords,sampleNPCs
00109C7C,FoxRace,Fox,Skyrim.esm,Skyrim (base game),2447,1,fauna,animal,,fauna,keyword,keyword ActorTypeAnimal,Beast,keyword,,ActorTypeAnimal;ActorTypeCreature,ActorTypeDaedra=10;ActorTypeDragon=1;ActorTypeGhost=8;ActorTypeNPC=9;ActorTypeSpirit=2;ActorTypeUndead=8,Dremora;Stormcloak Soldier;Whiterun Guard;Riften Guard;Imperial Soldier
000131FD,HorseRace,Horse,Skyrim.esm,Skyrim (base game),81,31,pet_mount,animal,,predator/other,keyword,keyword ActorTypeAnimal,Beast,keyword,,ActorTypeAnimal;ActorTypeCreature,ActorTypeDaedra=8;ActorTypeDwarven=1;ActorTypeHorse=72;ActorTypeMount=2;ActorTypeSpirit=3,Horse;Black Fell Pony;Euna;Mist;Ulfhild
0001320A,WolfRace,Wolf,Skyrim.esm,Skyrim (base game),42,1,combat,animal,,predator/other,keyword,keyword ActorTypeAnimal,Beast,keyword,,ActorTypeAnimal;ActorTypeCreature,ActorTypeDaedra=1;ActorTypeGhost=2;ActorTypeSpirit=5;ActorTypeUndead=1,Wolf;Pit Wolf;Ice Wolf;AudioTemplateWisp;Alpha Wolf
28000842,mihailguar_race,Deathhound,Journey to Baan Malur.esp,Journey to Baan Malur and Morrowind,38,4,combat,animal,,predator/other,keyword,keyword reqRaceIs<animal>Race (Requiem skeleton tag),Beast,keyword,,ActorTypeCreature,ActorTypeHorse=14,Golden Eye Guar;Guar;Green Narsis Guar;Tessellated Guar;Shadowghost Guar
FE74F800,mihailhousecatrace,House Cat,mihailhousecat.esp,House Cats - Mihail,28,0,fauna,animal,,fauna,keyword,keyword ActorTypeAnimal,Beast,keyword,,ActorTypeAnimal;ActorTypeCreature,,Cat
000BA545,MudcrabRace,MudCrab,Skyrim.esm,Skyrim (base game),23,1,combat,animal,,predator/other,keyword,keyword ActorTypeAnimal,Beast,keyword,,ActorTypeAnimal;ActorTypeCreature,ActorTypeGhost=2;ActorTypeSpirit=2;ActorTypeUndead=2,Mudcrab;Mudcrab Guardian Spirit;Pincer;Old Salty;Mudcrab Merchant
000131EE,DogRace,Dog,Skyrim.esm,Skyrim (base game),20,8,combat,animal,,predator/other,keyword,keyword ActorTypeAnimal,Beast,keyword,,ActorTypeAnimal;ActorTypeCreature,ActorTypeGhost=1;ActorTypeUndead=1,Dog;Tiber;Ysgramor;Torom;Stump
0006DC99,HareRace,Rabbit,Skyrim.esm,Skyrim (base game),20,0,fauna,animal,,fauna,keyword,keyword ActorTypeAnimal,Beast,keyword,,ActorTypeAnimal;ActorTypeCreature,,Rabbit;Cotton;Detection Target;Elianora;Snow Hare
000131FF,MammothRace,Mammoth,Skyrim.esm,Skyrim (base game),19,1,combat,animal,,predator/other,keyword,keyword ActorTypeAnimal,Beast,keyword,,ActorTypeAnimal;ActorTypeCreature,ActorTypeGhost=1;ActorTypeUndead=1,Female Mammoth;Mammoth Guardian Spirit;AudioTemplateMammoth;AudioTemplateBristleback;GrummiteSoundEntrance
00013201,SkeeverRace,Skeever,Skyrim.esm,Skyrim (base game),19,1,combat,animal,,predator/other,keyword,keyword ActorTypeAnimal,Beast,keyword,,ActorTypeAnimal;ActorTypeCreature,ActorTypeGhost=1;ActorTypeSpirit=1;ActorTypeUndead=2,Skeever;Skeever Guardian Spirit;Giant Skeever;Boo;Spirit Skeever
FE6E586A,mihailchickenchickrace,Chick,mihailchicks.esp,Chicks - Mihail,15,0,fauna,animal,,fauna,keyword,keyword ActorTypeAnimal,Beast,keyword,,ActorTypeAnimal;ActorTypeCreature,,Chick
FE6EB800,mihailguar_race,Deathhound,mihailkagoutiandguar.esp,Kagoutis and Guars - Mihail Monsters and Animals,15,10,combat,animal,,predator/other,keyword,keyword reqRaceIs<animal>Race (Requiem skeleton tag),Beast,keyword,,ActorTypeCreature,ActorTypeHorse=6,Wild Guar;Guar;Jiub's White Guar;Banded Guar Charger;Revu's Golden Eye Guar
000131FA,GoatRace,Goat,Skyrim.esm,Skyrim (base game),13,2,fauna,animal,,fauna,keyword,keyword ActorTypeAnimal,Beast,keyword,,ActorTypeAnimal;ActorTypeCreature,,Lucky;Goat;Gleda the Goat;Lady Katariah;Insane Goat
0004E785,CowRace,HighlandCow,Skyrim.esm,Skyrim (base game),10,0,fauna,animal,,fauna,keyword,keyword ActorTypeAnimal,Beast,keyword,,ActorTypeAnimal;ActorTypeCreature,ActorTypeGhost=1;ActorTypeUndead=1,Cow;Soul;Calf
00013200,SabreCatRace,Sabre Cat,Skyrim.esm,Skyrim (base game),10,0,combat,animal,,predator/other,keyword,keyword ActorTypeAnimal,Beast,keyword,,ActorTypeAnimal;ActorTypeCreature,ActorTypeSpirit=1,Sabre Cat;Domesticated Sabre Cat;Ancestral Cheetah;Trained Sabre Cat;Spirit Sabre Cat
000A919D,ChickenRace,Chicken,Skyrim.esm,Skyrim (base game),9,1,fauna,animal,,fauna,keyword,keyword ActorTypeAnimal,Beast,keyword,,ActorTypeAnimal;ActorTypeCreature,,Chicken;Gadnuk
000F1AC4,DogCompanionRace,Dog,Skyrim.esm,Skyrim (base game),9,6,pet_mount,animal,,predator/other,keyword,keyword ActorTypeAnimal,Beast,keyword,,ActorTypeAnimal;ActorTypeCreature,ActorTypeUndead=1,Stray Dog;Meeko;Vigilance;Al;Umar
000131E8,BearBlackRace,Cave Bear,Skyrim.esm,Skyrim (base game),8,1,combat,animal,,predator/other,keyword,keyword ActorTypeAnimal,Beast,keyword,,ActorTypeAnimal;ActorTypeCreature,ActorTypeSpirit=2,Bear;Karhu;Potent Spirit Bear;Spirit Bear;The Guardian
000131FC,HorkerRace,Horker,Skyrim.esm,Skyrim (base game),8,0,combat,animal,,predator/other,keyword,keyword ActorTypeAnimal,Beast,keyword,,ActorTypeAnimal;ActorTypeCreature,,Horker;AudioTemplateHorker;Horker Youngling;Lord Tusk;Blood Horker
FE74CD64,CaravanPackmule_Race,Mule,Khajiit Caravan Mules.esp,IKC Mare and Mule - Immersive Khajiit Caravan,7,6,pet_mount,animal,,predator/other,keyword,keyword ActorTypeAnimal,Beast,keyword,,ActorTypeAnimal;ActorType_CaravanMule,ActorTypeAnimal=6;ActorTypeHorse=1;ActorType_CaravanMule=6,Mule
0401FEB8,DLC2NetchRace,Netch,Dragonborn.esm,Dragonborn (DLC),7,1,combat,animal,,predator/other,keyword,keyword ActorTypeAnimal,Beast,keyword,,ActorTypeAnimal,,Netch;Bull Netch;Giant Bull Netch;Betty Netch
FE6A9800,VvardvarkRace,Wolf,Vvardvark.esp,Vvardvarks (Creature Series pt.3),7,0,combat,animal,,predator/other,keyword,keyword ActorTypeAnimal,Beast,keyword,,ActorTypeAnimal;ActorTypeCreature,,Wild Demotic Vvardvark;Wild Dozen-Banded Vvardvark;Wild Tuxedo Vvardvark;Demotic Vvardvark;Dozen-Banded Vvardvark
3014408A,zzzCHCaveWormRace,Cave Worm Race,Vigilant.esm,VIGILANT SE,6,0,combat,animal,,predator/other,keyword,keyword ActorTypeAnimal,Beast,keyword,,ActorTypeAnimal;ActorTypeCreature,,Cave Worm
FE6EA803,mihailcock_race,Chicken,mihailrooster.esp,Roosters - Mihail,6,0,fauna,animal,,fauna,keyword,keyword ActorTypeAnimal,Beast,keyword,,ActorTypeAnimal;ActorTypeCreature,,Rooster
000CF89B,DeerRace,Deer,Skyrim.esm,Skyrim (base game),6,0,fauna,animal,,fauna,keyword,keyword ActorTypeAnimal,Beast,keyword,,ActorTypeAnimal;ActorTypeCreature,,Deer
FE08393E,EN_RavenRace,Raven,BIRDS.esl,Edmond's Nature Series - BIRDS,6,0,fauna,animal,,fauna,keyword,keyword ActorTypeAnimal,Beast,keyword,,ActorTypeAnimal;ActorTypeCreature,ActorTypeGhost=3;ActorTypeUndead=3,Raven;Soul
30080D61,zzzCHShellbugRace,Sand Runner Race,Vigilant.esm,VIGILANT SE,6,0,combat,animal,,predator/other,keyword,keyword ActorTypeAnimal,Beast,keyword,,ActorTypeAnimal;ActorTypeCreature,,The Wasteland Guardian;Sand Runner
000131E9,BearSnowRace,Snow Bear,Skyrim.esm,Skyrim (base game),6,1,combat,animal,,predator/other,keyword,keyword ActorTypeAnimal,Beast,keyword,,ActorTypeAnimal;ActorTypeCreature,ActorTypeGhost=1;ActorTypeSpirit=1;ActorTypeUndead=1,Ursine Guardian;Bear;Bear Spirit;Potent Spirit Bear;Pack Member
00013202,SabreCatSnowyRace,Snowy Sabre Cat,Skyrim.esm,Skyrim (base game),6,1,combat,animal,,predator/other,keyword,keyword ActorTypeAnimal,Beast,keyword,,ActorTypeAnimal;ActorTypeCreature,ActorTypeGhost=2;ActorTypeSpirit=2;ActorTypeUndead=1,Sabre Cat Guardian Spirit;Sabre Cat;Spirit Cat;Snow;Potent Spirit Sabre Cat
04024038,DLC2BoarRace,,Dragonborn.esm,Dragonborn (DLC),5,1,combat,animal,,predator/other,keyword,keyword ActorTypeAnimal,Beast,keyword,,ActorTypeAnimal;ActorTypeCreature,,Bilgemuck;Bristleback
000131E7,BearBrownRace,Bear,Skyrim.esm,Skyrim (base game),5,0,combat,animal,,predator/other,keyword,keyword ActorTypeAnimal,Beast,keyword,,ActorTypeAnimal;ActorTypeCreature,ActorTypeSpirit=1,Bear;Spirit Bear;Pack Member
FE6E0800,mihailfrog_race,Rabbit,mihailfrogs.esp,Frogs - Mihail,5,1,fauna,animal,,fauna,keyword,keyword ActorTypeAnimal,Beast,keyword,,ActorTypeAnimal;ActorTypeCreature,,Frog;Frong
00013203,SlaughterfishRace,Slaughterfish,Skyrim.esm,Skyrim (base game),5,1,combat,animal,,predator/other,keyword,keyword ActorTypeAnimal,Beast,keyword,,ActorTypeAnimal;ActorTypeCreature,,Slaughterfish;Huge Slaughterfish;Giant Slaughterfish
304F57BB,zzzCHCaveWormGiantRace,Cave Worm Race,Vigilant.esm,VIGILANT SE,4,0,combat,animal,,predator/other,keyword,keyword ActorTypeAnimal,Beast,keyword,,ActorTypeAnimal;ActorTypeCreature,,Dionin;Mountain Eater
FE6E6800,mihailcliffracer_raceDUPLICATE001,Chaurusflyer,mihailcliffracer_FLY.esp,Cliff Racers Fly So High - Mihail,4,0,combat,animal,,predator/other,keyword,keyword ActorTypeAnimal,Beast,keyword,,ActorTypeAnimal;ActorTypeCreature,,Cliff Racer
000131ED,ElkRace,Deer,Skyrim.esm,Skyrim (base game),4,0,fauna,animal,,fauna,keyword,keyword ActorTypeAnimal,Beast,keyword,,ActorTypeAnimal;ActorTypeCreature,,Elk
02003D01,DLC1HuskyArmoredCompanionRace,Dog,Dawnguard.esm,Dawnguard (DLC),4,4,pet_mount,animal,,predator/other,keyword,keyword ActorTypeAnimal,Beast,keyword,,ActorTypeAnimal;ActorTypeCreature,,Bran;Sceolang;Dagan;Vaka
000DE505,CartHorseRace,Horse,Skyrim.esm,Skyrim (base game),4,0,pet_mount,animal,,predator/other,keyword,keyword ActorTypeAnimal,Beast,keyword,,ActorTypeAnimal;ActorTypeCreature,,Horse
0200D0B6,DLC1SabreCatGlowRace,Sabre Cat,Dawnguard.esm,Dawnguard (DLC),4,0,combat,animal,,predator/other,keyword,keyword ActorTypeAnimal,Beast,keyword,,ActorTypeAnimal;ActorTypeCreature,,Vale Sabre Cat
000C3EDF,SkeeverWhiteRace,Skeever,Skyrim.esm,Skyrim (base game),4,1,combat,animal,,predator/other,keyword,keyword ActorTypeAnimal,Beast,keyword,,ActorTypeAnimal;ActorTypeCreature,ActorTypeDaedra=1;ActorTypeSpirit=1,Skeever;Biter;Ratmulaag;Familiar
28202FAC,AlitRace,Wolf,Journey to Baan Malur.esp,Journey to Baan Malur and Morrowind,4,0,combat,animal,,predator/other,keyword,keyword ActorTypeAnimal,Beast,keyword,,ActorTypeAnimal;ActorTypeCreature,,Alit
28372C97,mihailcliffracerrace,Chaurusflyer,Journey to Baan Malur.esp,Journey to Baan Malur and Morrowind,3,0,combat,animal,,predator/other,keyword,keyword ActorTypeAnimal,Beast,keyword,,ActorTypeAnimal;ActorTypeCreature,,Cliff Racer
00104F45,WhiteStagRace,Deer,Skyrim.esm,Skyrim (base game),3,0,fauna,animal,,fauna,keyword,keyword ActorTypeAnimal,Beast,keyword,,ActorTypeAnimal;ActorTypeCreature,,White Stag
02018B36,DLC1HuskyBareRace,Dog,Dawnguard.esm,Dawnguard (DLC),3,0,combat,animal,,predator/other,keyword,keyword ActorTypeAnimal,Beast,keyword,,ActorTypeAnimal;ActorTypeCreature,,Husky;Dog
FE6A6800,Skinwalker21Alitrace,Dog,Alit.esp,Alit (Creature Series pt.4),3,0,combat,animal,,predator/other,name,name (animal),Beast,keyword,,ActorTypeCreature,,Alit
2802E13D,nixoxraceMOUNT,Frostbite Spider,Journey to Baan Malur.esp,Journey to Baan Malur and Morrowind,3,1,pet_mount,animal,,predator/other,keyword,keyword ActorTypeAnimal,Beast,keyword,,ActorTypeAnimal;ActorTypeCreature,ActorTypeHorse=3,Tamed Nix-Ox
06033A4F,ccBGSSSE001_ViriyaMudcrabPetRace,MudCrab,ccBGSSSE001-Fish.esm,Creation Club: Fishing,3,0,pet_mount,animal,,predator/other,keyword,keyword ActorTypeAnimal,Beast,keyword,,ActorTypeAnimal;ActorTypeCreature,,Snippy
0600081B,ccBGSSSE001_MudcrabRaceFrenzied,MudCrab,ccBGSSSE001-Fish.esm,Creation Club: Fishing,3,0,combat,animal,,predator/other,keyword,keyword ActorTypeAnimal,Beast,keyword,,ActorTypeAnimal;ActorTypeCreature,,Frenzied Mudcrab
04028580,DLC2NetchCalfRace,Netch,Dragonborn.esm,Dragonborn (DLC),3,0,combat,animal,,predator/other,keyword,keyword ActorTypeAnimal,Beast,keyword,,ActorTypeAnimal,,Netch;Netch Calf
30530B08,zzzAomOwlRace,Owl,Vigilant.esm,VIGILANT SE,3,3,fauna,animal,,fauna,keyword,keyword ActorTypeAnimal,Beast,keyword,,ActorTypeAnimal;ActorTypeCreature,,Gray Owl;White Owl;Black Owl
FE689800,SW21_DireWolfRace,Wolf,SkinWalker21_DireWolves.esp,Dire Wolves (Prehistoric Content Series),3,0,combat,animal,,predator/other,keyword,keyword ActorTypeAnimal,Beast,keyword,,ActorTypeAnimal;ActorTypeCreature,,Dire Wolf;Giant Dire Wolf
302D35BC,zzzCHAlfiqRace,Alfiq Race,Vigilant.esm,VIGILANT SE,2,2,combat,animal,,predator/other,keyword,keyword ActorTypeAnimal,Beast,keyword,,ActorTypeAnimal;ActorTypeCreature,,Jo'vanni;Campaner'Ra
FE095084,FURY_Race_Pet_BearBrown,Bear,Fury - Animal Taming of Skyrim.esl,Fury - Animal Taming of Skyrim,2,0,pet_mount,animal,,predator/other,keyword,keyword ActorTypeAnimal,Beast,keyword,,ActorTypeAnimal;ActorTypeCreature,,Cave Bear
FE756826,EN_BlacktailRace,BlacktailDeer,DEER.esp,Edmond's Nature Series - DEER,2,0,fauna,animal,,fauna,keyword,keyword ActorTypeAnimal,Beast,keyword,,ActorTypeAnimal;ActorTypeCreature,,Blacktail Deer
FE095089,FURY_Race_Pet_Boar,Boar,Fury - Animal Taming of Skyrim.esl,Fury - Animal Taming of Skyrim,2,0,pet_mount,animal,,predator/other,keyword,keyword ActorTypeAnimal,Beast,keyword,,ActorTypeAnimal;ActorTypeCreature,,Bristleback
FE095095,FURY_Race_Pet_BearBlack,Cave Bear,Fury - Animal Taming of Skyrim.esl,Fury - Animal Taming of Skyrim,2,0,pet_mount,animal,,predator/other,keyword,keyword ActorTypeAnimal,Beast,keyword,,ActorTypeAnimal;ActorTypeCreature,,Bear
FE095086,FURY_Race_Pet_Chicken,Chicken,Fury - Animal Taming of Skyrim.esl,Fury - Animal Taming of Skyrim,2,0,pet_mount,animal,,predator/other,keyword,keyword ActorTypeAnimal,Beast,keyword,,ActorTypeAnimal;ActorTypeCreature,,Chicken
FE095087,FURY_Race_Pet_Cow,Cow,Fury - Animal Taming of Skyrim.esl,Fury - Animal Taming of Skyrim,2,0,pet_mount,animal,,predator/other,keyword,keyword ActorTypeAnimal,Beast,keyword,,ActorTypeAnimal;ActorTypeCreature,,Cow
2801EE17,mihailguar_race_pony,Deathhound,Journey to Baan Malur.esp,Journey to Baan Malur and Morrowind,2,0,pet_mount,animal,,predator/other,keyword,keyword reqRaceIs<animal>Race (Requiem skeleton tag),Beast,keyword,,ActorTypeCreature,,Pony Guar
FE6EB823,mihailguar_race_pony,Deathhound,mihailkagoutiandguar.esp,Kagoutis and Guars - Mihail Monsters and Animals,2,0,pet_mount,animal,,predator/other,keyword,keyword reqRaceIs<animal>Race (Requiem skeleton tag),Beast,keyword,,ActorTypeCreature,,Dinya's Pony Guar;Teldryn's Pony Guar
0200D0B2,DLC1DeerGlowRace,Deer,Dawnguard.esm,Dawnguard (DLC),2,0,fauna,animal,,fauna,keyword,keyword ActorTypeAnimal,Beast,keyword,,ActorTypeAnimal;ActorTypeCreature,,Vale Deer
FE095088,FURY_Race_Pet_Deer,Deer,Fury - Animal Taming of Skyrim.esl,Fury - Animal Taming of Skyrim,2,0,pet_mount,animal,,predator/other,keyword,keyword ActorTypeAnimal,Beast,keyword,,ActorTypeAnimal;ActorTypeCreature,,Deer
FE6EC800,mihailnixhound_race,Dog,mihailnixcreatures.esp,Nix-Hounds - Mihail,2,0,combat,animal,,predator/other,keyword,keyword ActorTypeAnimal,Beast,keyword,,ActorTypeAnimal;ActorTypeCreature,,Nix- Hound;Tamed Nix-Hound
FE6EB801,mihailkagoutirace,Dog,mihailkagoutiandguar.esp,Kagoutis and Guars - Mihail Monsters and Animals,2,0,combat,animal,,predator/other,keyword,keyword reqRaceIs<animal>Race (Requiem skeleton tag),Beast,keyword,,ActorTypeCreature,,Kagouti;Mating Kagouti
2F60009D,mihailwormmouthrace,Dog,Gray Fox Cowl.esm,Betalille's Hammerfell Quests Bundle - The Gray Cowl of Nocturnal,2,0,combat,animal,,predator/other,keyword,keyword ActorTypeAnimal,Beast,keyword,,ActorTypeAnimal;ActorTypeCreature,,Wormmouth;Horrid Wormmouth
28000926,mihailnixhound_race,Dog,Journey to Baan Malur.esp,Journey to Baan Malur and Morrowind,2,0,combat,animal,,predator/other,keyword,keyword ActorTypeAnimal,Beast,keyword,,ActorTypeAnimal;ActorTypeCreature,,Nix- Hound;Tamed Nix-Hound
28450644,SoM_00drakerace,Drake,Journey to Baan Malur.esp,Journey to Baan Malur and Morrowind,2,0,combat,animal,,predator/other,keyword,keyword ActorTypeAnimal,Beast,keyword,,ActorTypeAnimal;ActorTypeCreature,,Alpha Drake;Drake
FE09508B,FURY_Race_Pet_Elk,Elk,Fury - Animal Taming of Skyrim.esl,Fury - Animal Taming of Skyrim,2,0,pet_mount,animal,,predator/other,keyword,keyword ActorTypeAnimal,Beast,keyword,,ActorTypeAnimal;ActorTypeCreature,,Elk
FE09508C,FURY_Race_Pet_Fox,Fox,Fury - Animal Taming of Skyrim.esl,Fury - Animal Taming of Skyrim,2,0,pet_mount,animal,,predator/other,keyword,keyword ActorTypeAnimal,Beast,keyword,,ActorTypeAnimal;ActorTypeCreature,,Fox
672C625D,TVR_Warrior_Race_Fylgja,Fylgja,Triumvirate - Mage Archetypes.esp,Triumvirate - Mage Archetypes,2,0,summon,animal,,predator/other,keyword,keyword ActorTypeAnimal,Beast,keyword,,ActorTypeAnimal;ActorTypeCreature,,Wind Fylgja;Sun Fylgja
FE09508E,FURY_Race_Pet_Goat,Goat,Fury - Animal Taming of Skyrim.esl,Fury - Animal Taming of Skyrim,2,0,pet_mount,animal,,predator/other,keyword,keyword ActorTypeAnimal,Beast,keyword,,ActorTypeAnimal;ActorTypeCreature,,Goat
8331096F,CowRaceWRQGiantQuest,HighlandCow,SurWR.esp,unresolved (SurWR.esp),2,1,fauna,animal,,fauna,keyword,keyword ActorTypeAnimal,Beast,keyword,,ActorTypeAnimal;ActorTypeCreature,,Gertie;Painted Gertie
FE095090,FURY_Race_Pet_Horker,Horker,Fury - Animal Taming of Skyrim.esl,Fury - Animal Taming of Skyrim,2,0,pet_mount,animal,,predator/other,keyword,keyword ActorTypeAnimal,Beast,keyword,,ActorTypeAnimal;ActorTypeCreature,,Horker
FE09509C,FURY_Race_Pet_WolfIce,Ice Wolf,Fury - Animal Taming of Skyrim.esl,Fury - Animal Taming of Skyrim,2,0,pet_mount,animal,,predator/other,keyword,keyword ActorTypeAnimal,Beast,keyword,,ActorTypeAnimal;ActorTypeCreature,,Ice Wolf
FE095091,FURY_Race_Pet_Mammoth,Mammoth,Fury - Animal Taming of Skyrim.esl,Fury - Animal Taming of Skyrim,2,0,pet_mount,animal,,predator/other,keyword,keyword ActorTypeAnimal,Beast,keyword,,ActorTypeAnimal;ActorTypeCreature,,Mammoth
FE0950A0,FURY_Race_Pet_MudcrabMedium,Mudcrab,Fury - Animal Taming of Skyrim.esl,Fury - Animal Taming of Skyrim,2,0,pet_mount,animal,,predator/other,keyword,keyword ActorTypeAnimal,Beast,keyword,,ActorTypeAnimal;ActorTypeCreature,,Mudcrab
FE095092,FURY_Race_Pet_Mudcrab,Mudcrab,Fury - Animal Taming of Skyrim.esl,Fury - Animal Taming of Skyrim,2,0,pet_mount,animal,,predator/other,keyword,keyword ActorTypeAnimal,Beast,keyword,,ActorTypeAnimal;ActorTypeCreature,,Mudcrab
FE095080,FURY_Race_Pet_MudcrabGiant,Mudcrab,Fury - Animal Taming of Skyrim.esl,Fury - Animal Taming of Skyrim,2,0,pet_mount,animal,,predator/other,keyword,keyword ActorTypeAnimal,Beast,keyword,,ActorTypeAnimal;ActorTypeCreature,,Giant Mudcrab
FE09507F,FURY_Race_Pet_MudcrabLarge,Mudcrab,Fury - Animal Taming of Skyrim.esl,Fury - Animal Taming of Skyrim,2,0,pet_mount,animal,,predator/other,keyword,keyword ActorTypeAnimal,Beast,keyword,,ActorTypeAnimal;ActorTypeCreature,,Mudcrab
28000800,mihailbantamguarrace,Rabbit,Journey to Baan Malur.esp,Journey to Baan Malur and Morrowind,2,0,combat,animal,,predator/other,keyword,keyword ActorTypeAnimal,Beast,keyword,,ActorTypeAnimal;ActorTypeCreature,,Bantam Guar
FE09508F,FURY_Race_Pet_Hare,Rabbit,Fury - Animal Taming of Skyrim.esl,Fury - Animal Taming of Skyrim,2,0,pet_mount,animal,,predator/other,keyword,keyword ActorTypeAnimal,Beast,keyword,,ActorTypeAnimal;ActorTypeCreature,,Rabbit
FE095093,FURY_Race_Pet_SabreCat,Sabre Cat,Fury - Animal Taming of Skyrim.esl,Fury - Animal Taming of Skyrim,2,0,pet_mount,animal,,predator/other,keyword,keyword ActorTypeAnimal,Beast,keyword,,ActorTypeAnimal;ActorTypeCreature,,Sabre Cat
FE095094,FURY_Race_Pet_Skeever,Skeever,Fury - Animal Taming of Skyrim.esl,Fury - Animal Taming of Skyrim,2,0,pet_mount,animal,,predator/other,keyword,keyword ActorTypeAnimal,Beast,keyword,,ActorTypeAnimal;ActorTypeCreature,,Skeever
FE095096,FURY_Race_Pet_BearSnow,Snow Bear,Fury - Animal Taming of Skyrim.esl,Fury - Animal Taming of Skyrim,2,0,pet_mount,animal,,predator/other,keyword,keyword ActorTypeAnimal,Beast,keyword,,ActorTypeAnimal;ActorTypeCreature,,Snow Bear
FE095081,FURY_Race_Pet_FoxArctic,Snow Fox,Fury - Animal Taming of Skyrim.esl,Fury - Animal Taming of Skyrim,2,0,pet_mount,animal,,predator/other,keyword,keyword ActorTypeAnimal,Beast,keyword,,ActorTypeAnimal;ActorTypeCreature,,Snow Fox
FE095097,FURY_Race_Pet_SabreCatSnowy,Snowy Sabre Cat,Fury - Animal Taming of Skyrim.esl,Fury - Animal Taming of Skyrim,2,0,pet_mount,animal,,predator/other,keyword,keyword ActorTypeAnimal,Beast,keyword,,ActorTypeAnimal;ActorTypeCreature,,Snowy Sabre Cat
FE095083,FURY_Race_Pet_DeerValue,Vale Deer,Fury - Animal Taming of Skyrim.esl,Fury - Animal Taming of Skyrim,2,0,pet_mount,animal,,predator/other,keyword,keyword ActorTypeAnimal,Beast,keyword,,ActorTypeAnimal;ActorTypeCreature,,Deer
FE095082,FURY_Race_Pet_SabreCatVale,Vale Sabre Cat,Fury - Animal Taming of Skyrim.esl,Fury - Animal Taming of Skyrim,2,0,pet_mount,animal,,predator/other,keyword,keyword ActorTypeAnimal,Beast,keyword,,ActorTypeAnimal;ActorTypeCreature,,Vale Sabre Cat
FE756825,EN_WhitetailRace,WhitetailDeer,DEER.esp,Edmond's Nature Series - DEER,2,0,fauna,animal,,fauna,keyword,keyword ActorTypeAnimal,Beast,keyword,,ActorTypeAnimal;ActorTypeCreature,,Whitetail Deer
28372C91,mihailnixhoundrace,Wolf,Journey to Baan Malur.esp,Journey to Baan Malur and Morrowind,2,0,combat,animal,,predator/other,keyword,keyword ActorTypeAnimal,Beast,keyword,,ActorTypeAnimal;ActorTypeCreature,,Nix- Hound;Tamed Nix- Hound
FE0950A1,FURY_Race_Pet_Wolf,Wolf,Fury - Animal Taming of Skyrim.esl,Fury - Animal Taming of Skyrim,2,0,pet_mount,animal,,predator/other,keyword,keyword ActorTypeAnimal,Beast,keyword,,ActorTypeAnimal;ActorTypeCreature,,Wolf
1F033BC1,EC_SS_BalennRace,Balenn,Skyrim Extended Cut - Saints and Seducers.esp,Skyrim Extended Cut - Saints and Seducers,1,1,combat,animal,,predator/other,keyword,keyword ActorTypeAnimal,Beast,keyword,,ActorTypeAnimal;ActorTypeCreature,,Balenn
3053F74B,zzzCHCowBelharzaRace,Bleharza mow,Vigilant.esm,VIGILANT SE,1,1,combat,animal,,predator/other,keyword,keyword ActorTypeAnimal,Beast,keyword,,ActorTypeAnimal;ActorTypeCreature,,Belharza the Bull
480CEF65,018AuriMountRace,Deer,018Auri.esp,Song of the Green (Auri Follower),1,1,pet_mount,animal,,predator/other,keyword,keyword ActorTypeAnimal,Beast,keyword,,ActorTypeAnimal;ActorTypeCreature;ActorTypeMount,ActorTypeHorse=1;ActorTypeMount=1,Thistlefoot
02018B33,DLC1HuskyArmoredRace,Dog,Dawnguard.esm,Dawnguard (DLC),1,0,combat,animal,,predator/other,keyword,keyword ActorTypeAnimal,Beast,keyword,,ActorTypeAnimal;ActorTypeCreature,,Dog
FE976A2A,_ME_DogRace,Dog,MissivesExpansion.esp,Missives,1,0,combat,animal,,predator/other,keyword,keyword ActorTypeAnimal,Beast,keyword,,ActorTypeAnimal;ActorTypeCreature,,Dog
28000801,mihailkagoutiraceDUPLICATE001,Dog,Journey to Baan Malur.esp,Journey to Baan Malur and Morrowind,1,0,combat,animal,,predator/other,keyword,keyword reqRaceIs<animal>Race (Requiem skeleton tag),Beast,keyword,,ActorTypeCreature,,Kagouti
000CD657,DA03BarbasDogRace,Dog,Skyrim.esm,Skyrim (base game),1,1,pet_mount,animal,,predator/other,keyword,keyword ActorTypeAnimal,Beast,keyword,,ActorTypeAnimal;ActorTypeCreature,,Barbas
FE006800,ccBGSSSE010_PetDwarvenMudcrabRace,Dwarven Mudcrab Pet,ccbgssse010-petdwarvenarmoredmudcrab.esl,Creation Club: Dwarven Armored Mudcrab pet,1,1,pet_mount,animal,,predator/other,keyword,keyword ActorTypeAnimal,Beast,keyword,,ActorTypeAnimal;ActorTypeCreature,,Dwarven Armored Mudcrab
FE064800,_IP_FoxRace,Fox,IceBloomNightmare.esl,unresolved (IceBloomNightmare.esl),1,0,fauna,animal,,fauna,keyword,keyword ActorTypeAnimal,Beast,keyword,,ActorTypeAnimal;ActorTypeCreature,,Shadow Familiar
FE01580E,ccVSVSSE002_FoxRace,Fox,ccvsvsse002-pets.esl,Creation Club: Pets of Skyrim,1,1,pet_mount,animal,,predator/other,keyword,keyword ActorTypeAnimal,Beast,keyword,,ActorTypeAnimal;ActorTypeCreature,,Sweet Roll
2800AA0A,nixoxrace,Frostbite Spider,Journey to Baan Malur.esp,Journey to Baan Malur and Morrowind,1,0,pet_mount,animal,,predator/other,keyword,keyword ActorTypeAnimal,Beast,keyword,,ActorTypeAnimal;ActorTypeCreature,ActorTypeHorse=1,Nix-Ox
0006FC4A,GoatDomesticsRace,Goat,Skyrim.esm,Skyrim (base game),1,0,fauna,animal,,fauna,keyword,keyword ActorTypeAnimal,Beast,keyword,,ActorTypeAnimal;ActorTypeCreature,,AudioTemplateGoat
FE015812,ccVSVSSE002_GoatRace,Goat,ccvsvsse002-pets.esl,Creation Club: Pets of Skyrim,1,1,pet_mount,animal,,predator/other,keyword,keyword ActorTypeAnimal,Beast,keyword,,ActorTypeAnimal;ActorTypeCreature,,Hilda
FE9761C4,_ME_GoatRace,Goat,MissivesExpansion.esp,Missives,1,0,fauna,animal,,fauna,keyword,keyword ActorTypeAnimal,Beast,keyword,,ActorTypeAnimal;ActorTypeCreature,,Goat
6717CE32,TVR_Primal_Race_CallWolf,Gray Wolf,Triumvirate - Mage Archetypes.esp,Triumvirate - Mage Archetypes,1,0,summon,animal,,predator/other,keyword,keyword ActorTypeAnimal,Beast,keyword,,ActorTypeAnimal;ActorTypeCreature,,Gray Wolf
06000BFC,ccBGSSSE001_HorkerRaceVampire,Horker,ccBGSSSE001-Fish.esm,Creation Club: Fishing,1,0,combat,animal,,predator/other,keyword,keyword ActorTypeAnimal,Beast,keyword,,ActorTypeAnimal;ActorTypeCreature,,Fangtusk
830DCD3D,HorseRaceTest,Horse,SurWR.esp,unresolved (SurWR.esp),1,1,pet_mount,animal,,predator/other,keyword,keyword ActorTypeAnimal,Beast,keyword,,ActorTypeAnimal;ActorTypeCreature,ActorTypeHorse=1,Palonimo
FE01ED61,ccVSVSSE001_ReindeerRace,Horse,ccvsvsse001-winter.esl,Creation Club: (winter),1,0,pet_mount,animal,,predator/other,keyword,keyword ActorTypeAnimal,Beast,keyword,,ActorTypeAnimal;ActorTypeCreature,ActorTypeHorse=1,Reindeer
FE750800,mihailhousecatracezeus,House Cat,Zeus.esp,LoreRim - Zeus,1,1,pet_mount,animal,,predator/other,keyword,keyword ActorTypeAnimal,Beast,keyword,,ActorTypeAnimal;ActorTypeCreature,,Zeus
30520F8B,zzzCHKanraRace,Kanra Race,Vigilant.esm,VIGILANT SE,1,1,combat,animal,,predator/other,keyword,keyword ActorTypeAnimal,Beast,keyword,,ActorTypeAnimal;ActorTypeCreature,,Bandit Kanra
9A0B1C77,WSN_Divine_Kynareth_Boon2_Race,Kynareth's Emissary,Wintersun - Faiths of Skyrim.esp,Wintersun - Faiths of Skyrim,1,0,summon,animal,,predator/other,keyword,keyword ActorTypeAnimal,Beast,keyword,,ActorTypeAnimal;ActorTypeCreature,ActorTypeHorse=1,Kynareth's Emissary
FE9C3800,mihailmammoth_babyrace,Mammoth,mihailmammoths.esp,Mammoth Expansion - Mihail,1,0,combat,animal,,predator/other,keyword,keyword ActorTypeAnimal,Beast,keyword,,ActorTypeAnimal;ActorTypeCreature,,Mammoth Calf
FE9C3801,mihailmammoth_oldrace,Mammoth,mihailmammoths.esp,Mammoth Expansion - Mihail,1,0,combat,animal,,predator/other,keyword,keyword ActorTypeAnimal,Beast,keyword,,ActorTypeAnimal;ActorTypeCreature,,Male Mammoth
060FEC48,ccBGSSSE001_MudcrabRaceFlamingPot,MudCrab,ccBGSSSE001-Fish.esm,Creation Club: Fishing,1,0,combat,animal,,predator/other,keyword,keyword ActorTypeAnimal,Beast,keyword,,ActorTypeAnimal;ActorTypeCreature,,Frenzied Mudcrab
2800094D,mihailcrabmerchantrace,MudCrab,Journey to Baan Malur.esp,Journey to Baan Malur and Morrowind,1,1,combat,animal,,predator/other,keyword,keyword ActorTypeAnimal,Beast,keyword,,ActorTypeAnimal;ActorTypeCreature,,Mudcrab Merchant
FE011861,ccBGSSSE035_NixHoundEnemyRace,Nix Hound,ccbgssse035-petnhound.esl,Creation Club: Nix-Hound,1,0,combat,animal,,predator/other,keyword,keyword ActorTypeAnimal,Beast,keyword,,ActorTypeAnimal;ActorTypeCreature,,Nix-Hound
01002F74,ccBGSSSE035_NixHoundCompanionRace,Nix Hound,Update.esm,Skyrim (base game),1,1,pet_mount,animal,,predator/other,keyword,keyword ActorTypeAnimal,Beast,keyword,,ActorTypeAnimal;ActorTypeCreature,,Nix-Hound
FE08399E,EN_PheasantRace,Pheasant,BIRDS.esl,Edmond's Nature Series - BIRDS,1,0,fauna,animal,,fauna,keyword,keyword ActorTypeAnimal,Beast,keyword,,ActorTypeAnimal;ActorTypeCreature,,Pheasant
9A04C674,WSN_Daedra_Azura_Boon2_Race,Pig,Wintersun - Faiths of Skyrim.esp,Wintersun - Faiths of Skyrim,1,0,summon,animal,,predator/other,keyword,keyword ActorTypeAnimal,Beast,keyword,,ActorTypeAnimal;ActorTypeCreature,,Pig
FE01580F,ccVSVSSE002_RabbitRace,Rabbit,ccvsvsse002-pets.esl,Creation Club: Pets of Skyrim,1,1,pet_mount,animal,,predator/other,keyword,keyword ActorTypeAnimal,Beast,keyword,,ActorTypeAnimal;ActorTypeCreature,,Thistle
FE6ED800,mihailringneckedpheasant_race,Rabbit,mihailringneckedpheasant.esp,Ring-necked Pheasants - Mihail,1,0,fauna,animal,,fauna,keyword,keyword ActorTypeAnimal,Beast,keyword,,ActorTypeAnimal;ActorTypeCreature,,Ring-necked Pheasant
6714520F,TVR_Primal_Race_CallSnakes,Rattlesnake,Triumvirate - Mage Archetypes.esp,Triumvirate - Mage Archetypes,1,0,summon,animal,,predator/other,keyword,keyword ActorTypeAnimal,Beast,keyword,,ActorTypeAnimal;ActorTypeCreature,,Rattlesnake
6700084F,TVR_Primal_Race_CallRaven,Raven,Triumvirate - Mage Archetypes.esp,Triumvirate - Mage Archetypes,1,0,summon,animal,,predator/other,keyword,keyword ActorTypeAnimal,Beast,keyword,,ActorTypeAnimal;ActorTypeCreature,,Raven
9512624E,AK69TakiyoRace,Sabre Cat,Katana.esp,Katana - Journey in the Shadows,1,1,pet_mount,animal,,predator/other,keyword,keyword ActorTypeAnimal,Beast,keyword,,ActorTypeAnimal;ActorTypeCreature;ActorTypeHorse;ActorTypeMount,ActorTypeHorse=1;ActorTypeMount=1,Takiyo
9A02DFF3,WSN_Misc_Phynaster_Boon2_Race,Sacred Stag,Wintersun - Faiths of Skyrim.esp,Wintersun - Faiths of Skyrim,1,0,summon,animal,,predator/other,keyword,keyword ActorTypeAnimal,Beast,keyword,,ActorTypeAnimal;ActorTypeCreature,ActorTypeHorse=1,Sacred Stag
FE015810,ccVSVSSE002_SkeeverRace,Skeever,ccvsvsse002-pets.esl,Creation Club: Pets of Skyrim,1,1,pet_mount,animal,,predator/other,keyword,keyword ActorTypeAnimal,Beast,keyword,,ActorTypeAnimal;ActorTypeCreature,,Skritch
FE6EF800,mihailscuttler_race,Skeever,mihailscutler.esp,Scuttlers - Mihail,1,0,combat,animal,,predator/other,keyword,keyword ActorTypeAnimal,Beast,keyword,,ActorTypeAnimal;ActorTypeCreature,,Scuttler
28372C86,mihailcrocodilesrace,Slaughterfish,Journey to Baan Malur.esp,Journey to Baan Malur and Morrowind,1,0,combat,animal,,predator/other,keyword,keyword ActorTypeAnimal,Beast,keyword,,ActorTypeAnimal;ActorTypeCreature,,Crocodile
28372C8F,mihailcrocodilesraceSALT,Slaughterfish,Journey to Baan Malur.esp,Journey to Baan Malur and Morrowind,1,0,combat,animal,,predator/other,keyword,keyword ActorTypeAnimal,Beast,keyword,,ActorTypeAnimal;ActorTypeCreature,,Saltwater Crocodile
67000804,TVR_Primal_Race_CallSnowLeopard,Snow Leopard,Triumvirate - Mage Archetypes.esp,Triumvirate - Mage Archetypes,1,0,summon,animal,,predator/other,keyword,keyword ActorTypeAnimal,Beast,keyword,,ActorTypeAnimal;ActorTypeCreature,,Snow Leopard
66100046,WB_ConjureKyrkrim_Race,Temple Grim,Apocalypse - Magic of Skyrim.esp,Apocalypse - Magic of Skyrim,1,0,summon,animal,,predator/other,keyword,keyword ActorTypeAnimal,Beast,keyword,,ActorTypeAnimal;ActorTypeCreature,ActorTypeDaedra=1;ActorTypeHorse=1,Kyrkrim
FE756827,EN_WhitetailFawnRace,WhitetailFawn,DEER.esp,Edmond's Nature Series - DEER,1,0,fauna,animal,,fauna,keyword,keyword ActorTypeAnimal,Beast,keyword,,ActorTypeAnimal;ActorTypeCreature,,Whitetail Fawn
00106C10,C06WolfSpiritRace,Wolf,Skyrim.esm,Skyrim (base game),1,0,combat,animal,,predator/other,keyword,keyword ActorTypeAnimal,Beast,keyword,,ActorTypeAnimal;ActorTypeCreature,,
25506C41,WTFaelorWolfRace,Wolf,Wyrmstooth.esp,Wyrmstooth,1,1,combat,animal,,predator/other,keyword,keyword ActorTypeAnimal,Beast,keyword,,ActorTypeAnimal;ActorTypeCreature,,Faelor
000131F8,FrostbiteSpiderRace,Frostbite Spider,Skyrim.esm,Skyrim (base game),28,2,combat,arthropod,,,name,name (spider/chaurus/scorpion/insect),Beast,keyword,,ActorTypeAnimal;ActorTypeCreature,,Frostbite Spider;Lis;Moss Spider;Large Moss Spider;Giant Moss Spider
04014449,DLC2ExpSpiderBaseRace,Frostbite Spider,Dragonborn.esm,Dragonborn (DLC),26,0,combat,arthropod,,,name,name (spider/chaurus/scorpion/insect),Beast,keyword,,ActorTypeAnimal;ActorTypeCreature,,Jumping Poisonous Spider;Jumping Flame Spider;Imbued Spider;Albino Spider;Flame Cloaked Spider
0004E507,FrostbiteSpiderRaceGiant,Frostbite Spider,Skyrim.esm,Skyrim (base game),14,1,combat,arthropod,,,name,name (spider/chaurus/scorpion/insect),Beast,keyword,,ActorTypeAnimal;ActorTypeCreature,ActorTypeSpirit=2,Frostbite Spider;Web Mother;Wounded Frostbite Spider;Moss Spider Brood Mother;Spider
0401B658,DLC2AshHopperRace,Ash Hopper,Dragonborn.esm,Dragonborn (DLC),10,1,combat,arthropod,,,name,name (spider/chaurus/scorpion/insect),Beast,keyword,,ActorTypeAnimal;ActorTypeCreature,,Ash Hopper;Wild Scrib;Scrib;Scrambler
00053477,FrostbiteSpiderRaceLarge,Frostbite Spider,Skyrim.esm,Skyrim (base game),8,0,combat,arthropod,,,name,name (spider/chaurus/scorpion/insect),Beast,keyword,,ActorTypeAnimal;ActorTypeCreature,ActorTypeSpirit=2,Frostbite Spider;Spirit Spider;Potent Spirit Spider
000131EB,ChaurusRace,Chaurus,Skyrim.esm,Skyrim (base game),7,0,combat,arthropod,,,name,name (spider/chaurus/scorpion/insect),Beast,keyword,,ActorTypeAnimal;ActorTypeCreature,ActorTypeSpirit=1,Chaurus;Kwama Worker;Duneripper;Spirit Chaurus
020051FB,DLC1ChaurusHunterRace,Chaurusflyer,Dawnguard.esm,Dawnguard (DLC),7,0,combat,arthropod,,,name,name (spider/chaurus/scorpion/insect),Beast,keyword,,ActorTypeAnimal;ActorTypeCreature,ActorTypeSpirit=2,Chaurus Hunter Fledgling;Chaurus Hunter;Spirit Chaurus Hunter;Potent Spirit Chaurus Hunter
02015136,DLC1_BF_ChaurusRace,Chaurus,Dawnguard.esm,Dawnguard (DLC),6,0,combat,arthropod,,,name,name (spider/chaurus/scorpion/insect),Beast,keyword,,ActorTypeAnimal;ActorTypeCreature,,Frozen Chaurus
28088095,SOMRKwamaForagerRaceNEW,Horker,Journey to Baan Malur.esp,Journey to Baan Malur and Morrowind,5,1,combat,arthropod,,,name,name (spider/chaurus/scorpion/insect),Beast,keyword,,ActorTypeAnimal;ActorTypeCreature,,Kwama Forager
FE6A885D,ShroomBeetleRacePet,,Shroom Beetles.esp,Shroom Beetles (Creature Series pt.6),4,3,pet_mount,arthropod,,,name,name (spider/chaurus/scorpion/insect),Beast,keyword,,ActorTypeAnimal;ActorTypeCreature,,Friendly Shroom Beetle;Friendly Blackreach Shroom Beetle
000A5601,ChaurusReaperRace,Chaurus,Skyrim.esm,Skyrim (base game),4,0,combat,arthropod,,,name,name (spider/chaurus/scorpion/insect),Beast,keyword,,ActorTypeAnimal;ActorTypeCreature,ActorTypeSpirit=1,Chaurus;Giant Chaurus;Potent Spirit Chaurus
FE6A8800,ShroomBeetleRace,Frostbite Spider,Shroom Beetles.esp,Shroom Beetles (Creature Series pt.6),4,0,combat,arthropod,,,name,name (spider/chaurus/scorpion/insect),Beast,keyword,,ActorTypeAnimal;ActorTypeCreature,,Shroom Beetle;Blackreach Shroom Beetle
0C000A76,ccBGSSSE025_ElytraRace,Elytra Nymph,ccBGSSSE025-AdvDSGS.esm,Creation Club: Saints & Seducers,3,0,combat,arthropod,,,name,name (spider/chaurus/scorpion/insect),Beast,keyword,,ActorTypeAnimal;ActorTypeCreature,,Elytra Nymph
FE09508A,FURY_Race_Pet_AshHopper,Ash Hopper,Fury - Animal Taming of Skyrim.esl,Fury - Animal Taming of Skyrim,2,0,pet_mount,arthropod,,,name,name (spider/chaurus/scorpion/insect),Beast,keyword,,ActorTypeAnimal;ActorTypeCreature,,Wild Scrib
FE095085,FURY_Race_Pet_Chaurus,Chaurus,Fury - Animal Taming of Skyrim.esl,Fury - Animal Taming of Skyrim,2,0,pet_mount,arthropod,,,name,name (spider/chaurus/scorpion/insect),Beast,keyword,,ActorTypeAnimal;ActorTypeCreature,,Chaurus
FE09509B,FURY_Race_Pet_ChaurusHunter,Chaurus Hunter,Fury - Animal Taming of Skyrim.esl,Fury - Animal Taming of Skyrim,2,0,pet_mount,arthropod,,,name,name (spider/chaurus/scorpion/insect),Beast,keyword,,ActorTypeAnimal;ActorTypeCreature,,Chaurus Hunter
FE09509A,FURY_Race_Pet_ChaurusReaper,Chaurus Reaper,Fury - Animal Taming of Skyrim.esl,Fury - Animal Taming of Skyrim,2,0,pet_mount,arthropod,,,name,name (spider/chaurus/scorpion/insect),Beast,keyword,,ActorTypeAnimal;ActorTypeCreature,,Chaurus Reaper
1F075FA3,EC_SS_ElytraAdultRace,Elytra,Skyrim Extended Cut - Saints and Seducers.esp,Skyrim Extended Cut - Saints and Seducers,2,0,combat,arthropod,,,name,name (spider/chaurus/scorpion/insect),Beast,keyword,,ActorTypeAnimal;ActorTypeCreature,,Elytra
0C000A52,ccBGSSSE025_ElytraRace_PET,Elytra Nymph,ccBGSSSE025-AdvDSGS.esm,Creation Club: Saints & Seducers,2,2,pet_mount,arthropod,,,name,name (spider/chaurus/scorpion/insect),Beast,keyword,,ActorTypeAnimal;ActorTypeCreature,,Pelagius;Potema
FE09509D,FURY_Race_Pet_FrostbiteSpiderLargeSnow,Frostbite Spider,Fury - Animal Taming of Skyrim.esl,Fury - Animal Taming of Skyrim,2,0,pet_mount,arthropod,,,name,name (spider/chaurus/scorpion/insect),Beast,keyword,,ActorTypeAnimal;ActorTypeCreature,,Large Snowy Frostbite Spider
87AD3928,REQ_Race_FrostbiteSpiderTiny,Frostbite Spider,Requiem.esp,Requiem,2,0,combat,arthropod,,,name,name (spider/chaurus/scorpion/insect),Beast,keyword,,ActorTypeAnimal;ActorTypeCreature,,Frostbite Spider
FE09509E,FURY_Race_Pet_FrostbiteSpiderGiantSnow,Frostbite Spider,Fury - Animal Taming of Skyrim.esl,Fury - Animal Taming of Skyrim,2,0,pet_mount,arthropod,,,name,name (spider/chaurus/scorpion/insect),Beast,keyword,,ActorTypeAnimal;ActorTypeCreature,,Giant Snowy Frostbite Spider
FE09509F,FURY_Race_Pet_FrostbiteSpiderSnow,Frostbite Spider,Fury - Animal Taming of Skyrim.esl,Fury - Animal Taming of Skyrim,2,0,pet_mount,arthropod,,,name,name (spider/chaurus/scorpion/insect),Beast,keyword,,ActorTypeAnimal;ActorTypeCreature,,Snowy Frostbite Spider
FE095099,FURY_Race_Pet_FrostbiteSpiderGiant,Frostbite Spider,Fury - Animal Taming of Skyrim.esl,Fury - Animal Taming of Skyrim,2,0,pet_mount,arthropod,,,name,name (spider/chaurus/scorpion/insect),Beast,keyword,,ActorTypeAnimal;ActorTypeCreature,,Giant Frostbite Spider
FE095098,FURY_Race_Pet_FrostbiteSpiderLarge,Frostbite Spider,Fury - Animal Taming of Skyrim.esl,Fury - Animal Taming of Skyrim,2,0,pet_mount,arthropod,,,name,name (spider/chaurus/scorpion/insect),Beast,keyword,,ActorTypeAnimal;ActorTypeCreature,,Large Frostbite Spider
FE09508D,FURY_Race_Pet_FrostbiteSpider,Frostbite Spider,Fury - Animal Taming of Skyrim.esl,Fury - Animal Taming of Skyrim,2,0,pet_mount,arthropod,,,name,name (spider/chaurus/scorpion/insect),Beast,keyword,,ActorTypeAnimal;ActorTypeCreature,,Frostbite Spider
1F0B4555,EC_SS_ShroomBeetleRace,Shroom Beetle,Skyrim Extended Cut - Saints and Seducers.esp,Skyrim Extended Cut - Saints and Seducers,2,0,combat,arthropod,,,name,name (spider/chaurus/scorpion/insect),Beast,keyword,,ActorTypeAnimal;ActorTypeCreature,,Shroom Beetle
04027483,DLC2ExpSpiderPackmuleRace,Frostbite Spider,Dragonborn.esm,Dragonborn (DLC),1,0,pet_mount,arthropod,,,name,name (spider/chaurus/scorpion/insect),Beast,keyword,,ActorTypeAnimal;ActorTypeCreature,,Pack Spider
FE015811,ccVSVSSE002_SpiderRace,Frostbite Spider,ccvsvsse002-pets.esl,Creation Club: Pets of Skyrim,1,1,pet_mount,arthropod,,,name,name (spider/chaurus/scorpion/insect),Beast,keyword,,ActorTypeAnimal;ActorTypeCreature,,Arachnia
FE6A7802,ShalkRace0,Frostbite Spider,Shalks.esp,Shalks (Creature Series pt.5),1,0,combat,arthropod,,,name,name (spider/chaurus/scorpion/insect),Beast,keyword,,ActorTypeAnimal;ActorTypeCreature,,Shalk
FE6A7800,ShalkRace1,Frostbite Spider,Shalks.esp,Shalks (Creature Series pt.5),1,0,combat,arthropod,,,name,name (spider/chaurus/scorpion/insect),Beast,keyword,,ActorTypeAnimal;ActorTypeCreature,,Shalk
281C0F8D,SOMRKwamaWarriorRace,Kwama Warrior Race,Journey to Baan Malur.esp,Journey to Baan Malur and Morrowind,1,0,combat,arthropod,,,name,name (spider/chaurus/scorpion/insect),Beast,keyword,,ActorTypeCreature,ActorTypeVampireBrute=1,Kwama Warrior
A80A653C,ORD_Ill_MindSpiders_Race,Mind Spider,Ordinator - Perks of Skyrim.esp,Ordinator - Perks of Skyrim,1,0,summon,arthropod,,,name,name (spider/chaurus/scorpion/insect),Beast,keyword,,ActorTypeAnimal;ActorTypeCreature,,Mind Spider
30534134,zzzChScorpionLargeRace,Scorpion,Vigilant.esm,VIGILANT SE,1,0,combat,arthropod,,,name,name (spider/chaurus/scorpion/insect),Beast,keyword,,ActorTypeAnimal;ActorTypeCreature,,Sand Scorpion
30534133,zzzChScorpionGiantRace,Scorpion,Vigilant.esm,VIGILANT SE,1,0,combat,arthropod,,,name,name (spider/chaurus/scorpion/insect),Beast,keyword,,ActorTypeAnimal;ActorTypeCreature,,Giant Sand Scorpion
30534132,zzzChScorpionRace,Scorpion,Vigilant.esm,VIGILANT SE,1,0,combat,arthropod,,,name,name (spider/chaurus/scorpion/insect),Beast,keyword,,ActorTypeAnimal;ActorTypeCreature,,Sand Scorpion
FE036829,ccBGSSSE069_FrostbiteSpiderRaceGiant,Web Mother,ccbgssse069-contest.esl,Creation Club: (contest),1,1,combat,arthropod,,,name,name (spider/chaurus/scorpion/insect),Beast,keyword,,ActorTypeAnimal;ActorTypeCreature,,Web Mother
000131F2,DwarvenSphereRace,Dwarven Sphere,Skyrim.esm,Skyrim (base game),34,0,combat,construct,,,keyword,keyword ActorTypeDwarven,Construct,keyword,,ActorTypeDwarven,,Dwarven Sphere;Malfunctioning Dwarven Sphere;Broken Dwarven Sphere;Warped Dwarven Sphere;Test Guardian
000131F3,DwarvenSpiderRace,Dwarven Spider,Skyrim.esm,Skyrim (base game),34,2,combat,construct,arthropod,,keyword,keyword ActorTypeDwarven,Construct,keyword,,ActorTypeDwarven,,Dwarven Spider;Aicantar's Spider;Broken Dwarven Spider;Warped Dwarven Spider;Lesser enchanted spider
000131F1,DwarvenCenturionRace,Dwarven Centurion,Skyrim.esm,Skyrim (base game),31,1,combat,construct,,,keyword,keyword ActorTypeDwarven,Construct,keyword,,ActorTypeDwarven,,Dwarven Centurion;Dwarven Centurion Master;Harvest Dwarven Centurion;Frosted Dwarven Centurion;The Messenger
9332B452,HLIODwarvenSpiderRace,Dwarven Spider,HLIORemi.esp,Remiel - Custom Voiced Follower,8,8,combat,construct,arthropod,,keyword,keyword ActorTypeDwarven,Construct,keyword,,ActorTypeDwarven,,Scrap;Broken Dwemer Spider
0402B014,DLC2DwarvenBallistaRace,Dwarven Ballista,Dragonborn.esm,Dragonborn (DLC),5,0,combat,construct,,,keyword,keyword ActorTypeDwarven,Construct,keyword,,ActorTypeDwarven,,Dwarven Ballista Test;Dwemer Ballista;Enchanted Ballista
270B1E82,TOK_RACE_ImperfectCenturionRace,Imperfect Centurion Sentinel,Tools of Kagrenac.esp,The Tools of Kagrenac,3,0,combat,construct,,,keyword,keyword ActorTypeDwarven,Construct,keyword,,ActorTypeDwarven,,Imperfect Centurion Sentinel;Broken Imperfect Centurion
02015C34,DLC1LD_ForgemasterRace,The Forgemaster,Dawnguard.esm,Dawnguard (DLC),3,0,combat,construct,,,keyword,keyword ActorTypeDwarven,Construct,keyword,,ActorTypeDwarven,,Dwarven Centurion
A41B0A5B,aaaLucDwemerChaurusRace,Chaurus,Lucien.esp,Lucien - Immersive Fully Voiced Male Follower,2,0,combat,construct,,,manual,"manual: Lucien ""Dwarven Tunneler"" tagged ActorTypeAnimal",Beast,keyword,Beast -> construct,ActorTypeAnimal;ActorTypeCreature,,Dwarven Tunneler
0E000802,ccAARSSE001DwarvenSpiderPetRace,Dwarven Spider,ccafdsse001-dwesanctuary.esm,Creation Club: (dwesanctuary),2,2,pet_mount,construct,arthropod,,keyword,keyword ActorTypeDwarven,Construct,keyword,,ActorTypeDwarven,,Dwarven Sphere Overseer;Dwarven Spider
A41B0A46,aaaLucDLC1DwemerGargoyleRace,Gargoyle,Lucien.esp,Lucien - Immersive Fully Voiced Male Follower,2,0,combat,construct,,,keyword,keyword ActorTypeDwarven,Construct,keyword,,ActorTypeDwarven,,Dwarven Hunter
0E000800,ccAARSSE001DwarvenSpherePetRace,Dwarven Sphere,ccafdsse001-dwesanctuary.esm,Creation Club: (dwesanctuary),1,0,pet_mount,construct,,,keyword,keyword ActorTypeDwarven,Construct,keyword,,ActorTypeDwarven,,Dwarven Sphere Overseer
9377D951,HLIOInactiveDwarvenSphereRace,Dwarven Sphere,HLIORemi.esp,Remiel - Custom Voiced Follower,1,0,technical,construct,,,manual,"manual: inactive Dwarven Sphere, no keywords",Construct,name,,,,
93A433B9,HLIODrillerRace,Frost Atronach,HLIORemi.esp,Remiel - Custom Voiced Follower,1,1,combat,construct,,,keyword,keyword ActorTypeDwarven,Construct,keyword,,ActorTypeDwarven,ActorTypeDwarven=1,Dwarven Repair Driller
A41F84F0,aaaLucDweOverseerRace,Ice Wraith,Lucien.esp,Lucien - Immersive Fully Voiced Male Follower,1,0,combat,construct,,,manual,"manual: Lucien Dwemer automaton, no ActorTypeDwarven",Beast,keyword,Beast -> construct,ActorTypeCreature,,Dwarven Overseer
2F6000AE,mihaildwarvenspinnerrace,Ice Wraith,Gray Fox Cowl.esm,Betalille's Hammerfell Quests Bundle - The Gray Cowl of Nocturnal,1,0,combat,construct,,,keyword,keyword ActorTypeDwarven,Construct,keyword,,ActorTypeDwarven,,Dwarven Spinner
300FEE4A,zzzCHIronSpiderRaceGiant,Iron Spider Race,Vigilant.esm,VIGILANT SE,1,0,combat,construct,undead,,manual,manual: Vigilant Iron Spider tagged ActorTypeUndead,Undead,keyword,Undead -> construct,ActorTypeCreature;ActorTypeUndead,,Giant Iron Spider
300FEE49,zzzCHIronSpiderRace,Iron Spider Race,Vigilant.esm,VIGILANT SE,1,0,combat,construct,undead,,manual,manual: Vigilant Iron Spider tagged ActorTypeUndead,Undead,keyword,Undead -> construct,ActorTypeCreature;ActorTypeUndead,,Iron Spider
300FEE4B,zzzCHIronSpiderRaceLarge,Iron Spider Race,Vigilant.esm,VIGILANT SE,1,0,combat,construct,undead,,manual,manual: Vigilant Iron Spider tagged ActorTypeUndead,Undead,keyword,Undead -> construct,ActorTypeCreature;ActorTypeUndead,,Iron Spider
A41B0A56,aaaLucDwemerWerewolfBeastRace,Werewolf,Lucien.esp,Lucien - Immersive Fully Voiced Male Follower,1,0,combat,construct,,,manual,"manual: Lucien ""Dwarven Annihilator"" on werewolf skeleton, no ActorTypeDwarven",Beast,keyword,Beast -> construct,ActorTypeCreature,,Dwarven Annihilator
000131F0,DremoraRace,Dremora,Skyrim.esm,Skyrim (base game),315,16,combat,daedra,humanoid,humanoid daedra,keyword,keyword ActorTypeDaedra,Daedra,keyword,,ActorTypeDaedra;ActorTypeNPC,ActorTypeDaedra=7,Dremora;Unbound Dremora;Velehk Sain;Mehrunes Dagon;Malacath
30270D6A,zzzCHAuroranRace,Auroran Race,Vigilant.esm,VIGILANT SE,27,0,combat,daedra,humanoid,humanoid daedra,keyword,keyword ActorTypeDaedra,Daedra,keyword,,ActorTypeCreature;ActorTypeDaedra;ActorTypeNPC,,Auroran;Gloriel the Valkyrie
000131F6,AtronachFrostRace,Frost Atronach,Skyrim.esm,Skyrim (base game),24,0,combat,daedra,element_frost,atronach,keyword,keyword ActorTypeDaedra,Daedra,keyword,,ActorTypeCreature;ActorTypeDaedra,,Frost Atronach;Potent Frost Atronach;Potent Frost Thrall;Pelagius' Frost Thrall;Frost Thrall
300818A7,zzzCHOrderKnightRace,Order Knight Race,Vigilant.esm,VIGILANT SE,21,0,combat,daedra,,creature daedra,keyword,keyword ActorTypeDaedra,Daedra,keyword,,ActorTypeCreature;ActorTypeDaedra,,Knight of Order
0C000816,EC_SS_GoldenSaintRace,Golden Saint,ccBGSSSE025-AdvDSGS.esm,Creation Club: Saints & Seducers,18,2,combat,daedra,humanoid,humanoid daedra,keyword,keyword ActorTypeDaedra,Daedra,keyword,,ActorTypeDaedra;ActorTypeNPC,,Golden Saint Archer;Staada;Golden Saint;Golden Saint Warrior;Thoron's Golden Saint
000131F7,AtronachStormRace,Storm Atronach,Skyrim.esm,Skyrim (base game),18,0,combat,daedra,element_shock,atronach,keyword,keyword ActorTypeDaedra,Daedra,keyword,,ActorTypeCreature;ActorTypeDaedra,,Potent Storm Atronach;Storm Atronach;Potent Storm Thrall;Storm Thrall;Pelagius' Storm Thrall
30080D63,zzzCHScampRace,Scamp Race,Vigilant.esm,VIGILANT SE,17,1,combat,daedra,,creature daedra,keyword,keyword ActorTypeDaedra,Daedra,keyword,,ActorTypeCreature;ActorTypeDaedra,,Scamp;Scamp Skirmisher;Scamp Warrior;Scamp Shadow Warrior;Scamp Berserker
0C000817,EC_SS_DarkSeducerRace,Dark Seducer,ccBGSSSE025-AdvDSGS.esm,Creation Club: Saints & Seducers,16,2,combat,daedra,humanoid,humanoid daedra,keyword,keyword ActorTypeDaedra,Daedra,keyword,,ActorTypeDaedra;ActorTypeNPC,,Dark Seducer;Thoron's Dark Seducer;Dylora
000131F5,AtronachFlameRace,Flame Atronach,Skyrim.esm,Skyrim (base game),16,0,combat,daedra,element_fire,atronach,keyword,keyword ActorTypeDaedra,Daedra,keyword,,ActorTypeCreature;ActorTypeDaedra,,Flame Atronach;Potent Flame Thrall;Flame Thrall;Pelagius' Flame Thrall;Potent Flame Atronach
0401DCB9,DLC2SeekerRace,Seeker,Dragonborn.esm,Dragonborn (DLC),14,0,combat,daedra,,creature daedra,keyword,keyword ActorTypeDaedra,Daedra,keyword,,ActorTypeCreature;ActorTypeDaedra,,Seeker;High Seeker;Lurker
30080D62,zzzCHDaedrothRace,Daedroth Race,Vigilant.esm,VIGILANT SE,11,0,combat,daedra,,creature daedra,keyword,keyword ActorTypeDaedra,Daedra,keyword,,ActorTypeCreature;ActorTypeDaedra,,Daedroth Sentinel;Daedroth Warrior;Daedroth Berserker;Daedroth Battlelord;Daedroth
302B00F5,zzzCHAuroranBossRace,Auroran Race,Vigilant.esm,VIGILANT SE,10,7,combat,daedra,humanoid,humanoid daedra,keyword,keyword ActorTypeDaedra,Daedra,keyword,,ActorTypeCreature;ActorTypeDaedra;ActorTypeNPC,,"Yuna the Twin Knight;Auroran Battlelord;Auroran Guardian;Gaia the First Dawn;Mash, the Second Dawn"
28000912,mihailhungerraceDUPLICATE001,Gargoyle,Journey to Baan Malur.esp,Journey to Baan Malur and Morrowind,10,0,combat,daedra,,creature daedra,keyword,keyword ActorTypeDaedra,Daedra,keyword,,ActorTypeCreature;ActorTypeDaedra,,Ravenous Hunger;Gluttonous Hunger;Crazed Hunger;Voracious Hunger;Hunger
04014495,DLC2LurkerRace,Lurker,Dragonborn.esm,Dragonborn (DLC),10,0,combat,daedra,,creature daedra,keyword,keyword ActorTypeDaedra,Daedra,keyword,,ActorTypeCreature;ActorTypeDaedra,ActorTypeGiant=1,Lurker;AudioTemplate Lurker;Lurker Harbinger;Beast of Ink Lagoon;Silent Watcher
28000879,mihaildaedroth_titan_race,Werewolf,Journey to Baan Malur.esp,Journey to Baan Malur and Morrowind,10,3,combat,daedra,,creature daedra,keyword,keyword ActorTypeDaedra,Daedra,keyword,,ActorTypeCreature;ActorTypeDaedra,,Daedroth;Daedroth Titan;Revered Daedroth Titan;Glannaggrogginnori;Mktaaliamminnorsha
300B7213,zzzCHOrderPriestRace,Metalic Priest Race,Vigilant.esm,VIGILANT SE,7,0,combat,daedra,,creature daedra,keyword,keyword ActorTypeDaedra,Daedra,keyword,,ActorTypeCreature;ActorTypeDaedra,,Priest of Order
30080D68,zzzCHPrismLordRace,Prism Lord Race,Vigilant.esm,VIGILANT SE,7,0,combat,daedra,,atronach,keyword,keyword ActorTypeDaedra,Daedra,keyword,,ActorTypeCreature;ActorTypeDaedra,,Giant Atronach of Order
30080D66,zzzCHPrismLurkerRace,Prism Lurker Race,Vigilant.esm,VIGILANT SE,7,0,combat,daedra,,atronach,keyword,keyword ActorTypeDaedra,Daedra,keyword,,ActorTypeCreature;ActorTypeDaedra,,Sentinel of Order
30546451,zzzCHXivkynRace,Xivkyn Race,Vigilant.esm,VIGILANT SE,7,0,combat,daedra,undead;humanoid,humanoid daedra,keyword,keyword ActorTypeDaedra,Undead,keyword,Undead -> daedra (+undead),ActorTypeDaedra;ActorTypeNPC;ActorTypeUndead,,Xivkyn Soul-Eater;Xivkyn Enslaver;Xivkyn Voidstalker;Xivkyn Berserker;Xivkyn Bulwark
04027BFC,dlc2AshGuardianRace,Ash Guardian,Dragonborn.esm,Dragonborn (DLC),6,2,combat,daedra,,creature daedra,keyword,keyword ActorTypeDaedra,Daedra,keyword,,ActorTypeCreature;ActorTypeDaedra,,Ash Guardian;Sanctum Guardian
30179144,zzzAoMGrummiteRace,Grummite Race,Vigilant.esm,VIGILANT SE,6,0,combat,daedra,,creature daedra,keyword,keyword ActorTypeDaedra,Daedra,keyword,,ActorTypeCreature;ActorTypeDaedra,,Grummite
28000952,mihailscamp_race,Hagraven,Journey to Baan Malur.esp,Journey to Baan Malur and Morrowind,6,0,combat,daedra,,creature daedra,keyword,keyword ActorTypeDaedra,Daedra,keyword,,ActorTypeCreature;ActorTypeDaedra,,Scamp Carbonizer;Scamp;Scamp Incinerator;Stunted Scamp
30500DDE,zzzCHOgrimRace,Ogrim Race,Vigilant.esm,VIGILANT SE,6,0,combat,daedra,troll,creature daedra,keyword,keyword ActorTypeDaedra,Daedra,keyword,,ActorTypeCreature;ActorTypeDaedra;ActorTypeTroll,,Festering Ogrim;Festering Ogrim Brute
30080D65,zzzCHPrismStormRace,Prism Storm Race,Vigilant.esm,VIGILANT SE,6,0,combat,daedra,element_shock,atronach,keyword,keyword ActorTypeDaedra,Daedra,keyword,,ActorTypeCreature;ActorTypeDaedra,,Atronach of Order
30179146,zzzAoMBaliwogRace,Baliwog Race,Vigilant.esm,VIGILANT SE,5,0,combat,daedra,,creature daedra,keyword,keyword ActorTypeDaedra,Daedra,keyword,,ActorTypeCreature;ActorTypeDaedra,,Baliwog
280008CC,mihailhighclannfear_race,Gargoyle,Journey to Baan Malur.esp,Journey to Baan Malur and Morrowind,5,2,combat,daedra,,creature daedra,keyword,keyword ActorTypeDaedra,Daedra,keyword,,ActorTypeCreature;ActorTypeDaedra,,Clannfear;High Clannfear;Kpollimminnass;Pashattminnam
8D006095,mihailbanekin_race1,Banekin,Requiem - Magic Redone.esp,Requiem - Magic Redone,4,0,summon,daedra,,creature daedra,keyword,keyword ActorTypeDaedra,Daedra,keyword,,ActorTypeCreature;ActorTypeDaedra,ActorTypeDaedra=4,Banekin
9F005900,NTMRLesserOmenRace,Omen,RuneDreamstrides.esp,unresolved (NTMR prefix; probably Sleepwalking Into A Nightmare),4,0,combat,daedra,,creature daedra,keyword,keyword ActorTypeDaedra,Daedra,keyword,,ActorTypeDaedra,,Lesser Omen;Lesser Shadow Omen
302B885A,zzzCHOrderKnightBossRace,Order Knight Race,Vigilant.esm,VIGILANT SE,4,2,combat,daedra,,creature daedra,keyword,keyword ActorTypeDaedra,Daedra,keyword,,ActorTypeCreature;ActorTypeDaedra,,Laza of Order
8D006036,mihailscamp_race1,Scamp,Requiem - Magic Redone.esp,Requiem - Magic Redone,4,0,summon,daedra,,creature daedra,keyword,keyword ActorTypeDaedra,Daedra,keyword,,ActorTypeCreature;ActorTypeDaedra,ActorTypeDaedra=4,Scamp
9F024383,NTMRPuppetZombieRace,Straw Servant,RuneDreamstrides.esp,unresolved (NTMR prefix; probably Sleepwalking Into A Nightmare),4,0,combat,daedra,,creature daedra,keyword,keyword ActorTypeDaedra,Daedra,keyword,,ActorTypeCreature;ActorTypeDaedra,,Straw Knight;Straw Servant;Shadow Knight
3054522B,zzzCHXivkynGiantRace,Xivkyn Giant Race,Vigilant.esm,VIGILANT SE,4,0,combat,daedra,undead;giant,creature daedra,keyword,keyword ActorTypeDaedra,Undead,keyword,Undead -> daedra (+undead),ActorTypeCreature;ActorTypeDaedra;ActorTypeGiant;ActorTypeUndead,ActorTypeGiant=2,Dregas the Foolkiller;Belharza's Giant Dragonrider Knight;Belharza's Giant Dragonblood Knight
3016416D,zzzAoMMolagBalRace,Dragon Molag Bal Race,Vigilant.esm,VIGILANT SE,3,0,combat,daedra,,creature daedra,keyword,keyword ActorTypeDaedra,Daedra,keyword,,ActorTypeCreature;ActorTypeDaedra,ActorTypeDaedra=1,Molag Bal;Daedroth Lord;Spawn of Molag Bal
04035538,DLC2DremoraRace,Dremora,Dragonborn.esm,Dragonborn (DLC),3,3,variant,daedra,humanoid,humanoid daedra,keyword,keyword ActorTypeDaedra,Daedra,keyword,,ActorTypeDaedra;ActorTypeNPC,,Dremora Merchant;Dremora Butler;Zruill - Dremora Housekeeper
0401F98F,dlc2SpectralDragonRace,Fire Wyrm,Dragonborn.esm,Dragonborn (DLC),3,0,combat,daedra,element_fire,atronach,keyword,keyword ActorTypeDaedra,Daedra,keyword,,ActorTypeDaedra,,Fire Wyrm;Spectral Dragon;Fire Spectral Dragon
1F0524A6,EC_SS_FleshAtronachRace,Flesh Atronach,Skyrim Extended Cut - Saints and Seducers.esp,Skyrim Extended Cut - Saints and Seducers,3,0,combat,daedra,,atronach,keyword,keyword ActorTypeDaedra,Daedra,keyword,,ActorTypeCreature;ActorTypeDaedra,,Flesh Atronach;Sitched Flesh Atronach;Mended Flesh Atronach
FE702812,SpiderDaedraRaceGiant,Frostbite Spider,EbonyBladeCurse.esp,unresolved (EbonyBladeCurse.esp),3,0,combat,daedra,arthropod,creature daedra,keyword,keyword ActorTypeDaedra,Daedra,keyword,,ActorTypeAnimal;ActorTypeCreature;ActorTypeDaedra,,Spider Daedra
1F04821E,EC_SS_ESOHungerRace,Hunger,Skyrim Extended Cut - Saints and Seducers.esp,Skyrim Extended Cut - Saints and Seducers,3,0,combat,daedra,,creature daedra,keyword,keyword ActorTypeDaedra,Daedra,keyword,,ActorTypeCreature;ActorTypeDaedra,,Hunger
300B7212,zzzCHJyggalagRace,Metalic Giant Race,Vigilant.esm,VIGILANT SE,3,1,combat,daedra,giant,creature daedra,keyword,keyword ActorTypeDaedra,Daedra,keyword,,ActorTypeCreature;ActorTypeDaedra;ActorTypeGiant,,Jyggalag
1F57776D,EC_SS_PollywogRace,Pollywog,Skyrim Extended Cut - Saints and Seducers.esp,Skyrim Extended Cut - Saints and Seducers,3,0,combat,daedra,,creature daedra,keyword,keyword ActorTypeDaedra,Daedra,keyword,,ActorTypeCreature;ActorTypeDaedra,,Pollywog
30080D67,zzzCHPrismSpiritRace,Prism Spirit Race,Vigilant.esm,VIGILANT SE,3,0,combat,daedra,,atronach,keyword,keyword ActorTypeDaedra,Daedra,keyword,,ActorTypeCreature;ActorTypeDaedra,,Spirit of Order
87ABF9F5,REQ_Race_Thunder,Thunder,Requiem.esp,Requiem,3,0,summon,daedra,element_shock,atronach,keyword,keyword ActorTypeDaedra,Daedra,keyword,,ActorTypeCreature;ActorTypeDaedra,,Thunder;Maelstrom;Colossal Storm Atronach
9F164410,NTMRVividOmenRace,Vivid Omen,RuneDreamstrides.esp,unresolved (NTMR prefix; probably Sleepwalking Into A Nightmare),3,1,combat,daedra,,creature daedra,keyword,keyword ActorTypeDaedra,Daedra,keyword,,ActorTypeDaedra,,Enthralled Omen;Vivid Omen;Omen of Abandonment
28056A24,mihailbanekin_raceFIRE,,Journey to Baan Malur.esp,Journey to Baan Malur and Morrowind,2,0,combat,daedra,element_fire,atronach,keyword,keyword ActorTypeDaedra,Daedra,keyword,,ActorTypeCreature;ActorTypeDaedra,,Banekin
1F5AA19C,EC_SS_DaggermouthRace,Daggermouth,Skyrim Extended Cut - Saints and Seducers.esp,Skyrim Extended Cut - Saints and Seducers,2,0,combat,daedra,,creature daedra,keyword,keyword ActorTypeDaedra,Daedra,keyword,,ActorTypeCreature;ActorTypeDaedra,,Daggermouth
67187045,TVR_Demon_Race_ConjureGremlin,Gremlin,Triumvirate - Mage Archetypes.esp,Triumvirate - Mage Archetypes,2,0,summon,daedra,,creature daedra,keyword,keyword ActorTypeDaedra,Daedra,keyword,,ActorTypeCreature;ActorTypeDaedra,,Potent Gremlin;Gremlin
A42A1C71,JRmihailharvesterrace,Harvester,Lucien.esp,Lucien - Immersive Fully Voiced Male Follower,2,0,combat,daedra,,creature daedra,keyword,keyword ActorTypeDaedra,Daedra,keyword,,ActorTypeCreature;ActorTypeDaedra,,Harvester
67247842,TVR_Demon_Race_ConjureLeviathan,Leviathan,Triumvirate - Mage Archetypes.esp,Triumvirate - Mage Archetypes,2,0,summon,daedra,undead,creature daedra,keyword,keyword ActorTypeDaedra,Undead,keyword,Undead -> daedra (+undead),ActorTypeCreature;ActorTypeDaedra;ActorTypeUndead,,Leviathan;Potent Leviathan
30080D64,zzzCHMentanaRace,Mentana Race,Vigilant.esm,VIGILANT SE,2,1,combat,daedra,,creature daedra,keyword,keyword ActorTypeDaedra,Daedra,keyword,,ActorTypeCreature;ActorTypeDaedra,,Menta Na
67000814,TVR_Demon_Race_ConjureRavagor,Ravagor,Triumvirate - Mage Archetypes.esp,Triumvirate - Mage Archetypes,2,0,summon,daedra,,creature daedra,keyword,keyword ActorTypeDaedra,Daedra,keyword,,ActorTypeCreature;ActorTypeDaedra,,Potent Ravagor;Ravagor
67005907,TVR_Demon_Race_ConjureTempleGrim,Temple Grim,Triumvirate - Mage Archetypes.esp,Triumvirate - Mage Archetypes,2,0,summon,daedra,,creature daedra,keyword,keyword ActorTypeDaedra,Daedra,keyword,,ActorTypeCreature;ActorTypeDaedra,,Temple Grim;Potent Temple Grim
1F27CF30,EC_SS_AmberAtronachRace,Amber Atronach,Skyrim Extended Cut - Saints and Seducers.esp,Skyrim Extended Cut - Saints and Seducers,1,0,combat,daedra,,atronach,keyword,keyword ActorTypeDaedra,Daedra,keyword,,ActorTypeCreature;ActorTypeDaedra,,Amber Atronach
300E04DF,zzzCHMagicBroomRace,Broom race,Vigilant.esm,VIGILANT SE,1,0,combat,daedra,,creature daedra,keyword,keyword ActorTypeDaedra,Daedra,keyword,,ActorTypeCreature;ActorTypeDaedra,,Sebastian
304F57BC,zzzCHDaedrothRaceBig,Daedroth Race,Vigilant.esm,VIGILANT SE,1,0,combat,daedra,,creature daedra,keyword,keyword ActorTypeDaedra,Daedra,keyword,,ActorTypeCreature;ActorTypeDaedra,,Hrelvesuu
30108328,zzzCHFlameLordRace,Flame Lord Race,Vigilant.esm,VIGILANT SE,1,0,combat,daedra,element_fire,atronach,keyword,keyword ActorTypeDaedra,Daedra,keyword,,ActorTypeCreature;ActorTypeDaedra,,Ancient Flame Lord
300B5AA4,zzzCHFlameLurkerRace,Flame Lurker Race,Vigilant.esm,VIGILANT SE,1,0,combat,daedra,element_fire,atronach,keyword,keyword ActorTypeDaedra,Daedra,keyword,,ActorTypeCreature;ActorTypeDaedra,,Ancient Flame Lurker
300B5AA3,zzzCHFlameQueenRace,Flame Queen Race,Vigilant.esm,VIGILANT SE,1,0,combat,daedra,undead;element_fire,atronach,keyword,keyword ActorTypeDaedra,Daedra,keyword,,ActorTypeCreature;ActorTypeDaedra,ActorTypeUndead=1,Ancient Flame Queen
300B5AA5,zzzCHFlameSpiritRace,Flame Spirit Race,Vigilant.esm,VIGILANT SE,1,0,combat,daedra,element_fire,atronach,keyword,keyword ActorTypeDaedra,Daedra,keyword,,ActorTypeCreature;ActorTypeDaedra,,Ancient Flame Spirit
300B5AA6,zzzCHFlameStormRace,Flame Storm Race,Vigilant.esm,VIGILANT SE,1,0,combat,daedra,element_fire;element_shock,atronach,keyword,keyword ActorTypeDaedra,Daedra,keyword,,ActorTypeCreature;ActorTypeDaedra,,Ancient Flame Atronach
234EC0C6,GRVEVoidLurkerRace,Giant,FalkreathShades.esp,Gravewind (inferred from GRVE prefix),1,0,combat,daedra,undead,creature daedra,keyword,keyword ActorTypeDaedra,Undead,keyword,Undead -> daedra (+undead),ActorTypeCreature;ActorTypeDaedra;ActorTypeUndead,,Voidcrawler
A4297423,JRmihailgriveousrace,Grievous Twilight,Lucien.esp,Lucien - Immersive Fully Voiced Male Follower,1,0,combat,daedra,,creature daedra,keyword,keyword ActorTypeDaedra,Daedra,keyword,,ActorTypeDaedra,,Grievous Twilight
230478BF,GRVEGolemRace,Herrah's Guardian,FalkreathShades.esp,Gravewind (inferred from GRVE prefix),1,1,combat,daedra,,creature daedra,keyword,keyword ActorTypeDaedra,Daedra,keyword,,ActorTypeCreature;ActorTypeDaedra,,Gravewind Sentinel
FE068801,_AQ_WatcherRace,HMDaedra,Aqua.esl,unresolved (Aqua.esl),1,0,combat,daedra,,creature daedra,keyword,keyword ActorTypeDaedra,Daedra,keyword,,ActorTypeCreature;ActorTypeDaedra,,Dread Watcher
6700080C,TVR_Primal_Race_CallHoundOfHircine,Hound of Hircine,Triumvirate - Mage Archetypes.esp,Triumvirate - Mage Archetypes,1,0,summon,daedra,,creature daedra,keyword,keyword ActorTypeDaedra,Daedra,keyword,,ActorTypeAnimal;ActorTypeCreature;ActorTypeDaedra,,Hound of Hircine
1F04821F,EC_SS_ESOHungerBossRace,Hunger,Skyrim Extended Cut - Saints and Seducers.esp,Skyrim Extended Cut - Saints and Seducers,1,0,combat,daedra,,creature daedra,keyword,keyword ActorTypeDaedra,Daedra,keyword,,ActorTypeCreature;ActorTypeDaedra,,Voracious Hunger
A42E4478,JRmihailhungerrace,Hunger,Lucien.esp,Lucien - Immersive Fully Voiced Male Follower,1,0,combat,daedra,,creature daedra,keyword,keyword ActorTypeDaedra,Daedra,keyword,,ActorTypeCreature;ActorTypeDaedra,,Hunger
304C6182,zzzCHMolagInnerRace,Molag Inner Race,Vigilant.esm,VIGILANT SE,1,1,combat,daedra,,creature daedra,keyword,keyword ActorTypeDaedra,Daedra,keyword,,ActorTypeCreature;ActorTypeDaedra,ActorTypeDaedra=1,Ugly One
3051C38B,zzzCHOgrimRaceBig,Ogrim Race,Vigilant.esm,VIGILANT SE,1,0,combat,daedra,troll,creature daedra,keyword,keyword ActorTypeDaedra,Daedra,keyword,,ActorTypeCreature;ActorTypeDaedra;ActorTypeTroll,,Festering Ogrim Lord
FE6CCD64,DASanguineRace,Sanguine,LoreRim - NPC Overwrite Merge.esp,LoreRim,1,1,combat,daedra,humanoid,humanoid daedra,keyword,keyword ActorTypeDaedra,Daedra,keyword,,ActorTypeDaedra;ActorTypeNPC,,Sanguine
FE06585A,_AII_FamiliarRace,Umbral Hunter,AncientBloodII.esl,Ancient Blood Magic II,1,0,combat,daedra,,creature daedra,keyword,keyword ActorTypeDaedra,Daedra,keyword,,ActorTypeCreature;ActorTypeDaedra,,Herald of Torment
00012E82,DragonRace,Dragon Race,Skyrim.esm,Skyrim (base game),89,10,combat,dragon,,,keyword,keyword ActorTypeDragon,Dragon,keyword,,ActorTypeCreature;ActorTypeDragon,ActorTypeDragon=1,Dragon;AudioTemplateDragonQuiet;Odahviing;Vulthuryol;Paarthurnax
000E7713,AlduinRace,Dragon Race,Skyrim.esm,Skyrim (base game),7,6,combat,dragon,,,keyword,keyword ActorTypeDragon,Dragon,keyword,,ActorTypeCreature;ActorTypeDragon,ActorTypeDaedra=1,Alduin;Dragon;Molag Bal
001052A3,UndeadDragonRace,Dragon Race,Skyrim.esm,Skyrim (base game),5,3,combat,dragon,undead,,keyword,keyword ActorTypeDragon,Dragon,keyword,Dragon only -> dragon+undead,ActorTypeCreature;ActorTypeDragon;ActorTypeUndead,ActorTypeDragon=1;ActorTypeUndead=4,Skeletal Dragon;Diilonthur;Krilotdiilvahlok
020117DE,DLC1UndeadDragonRace,Dragon Race,Dawnguard.esm,Dawnguard (DLC),2,1,combat,dragon,undead,,keyword,keyword ActorTypeDragon,Dragon,keyword,Dragon only -> dragon+undead,ActorTypeCreature;ActorTypeDragon;ActorTypeUndead,,Durnehviir
A3574AA6,DragonRaceLokjun,Dragon Race,aaaGraniteHill.esp,Granite Hill,1,0,combat,dragon,,,keyword,keyword ActorTypeDragon,Dragon,keyword,,ActorTypeCreature;ActorTypeDragon,,Lokjun
000131F9,GiantRace,Giant,Skyrim.esm,Skyrim (base game),15,2,combat,giant,,,keyword,NPC-record ActorTypeGiant on >=50%,Beast,keyword,,ActorTypeCreature,ActorTypeGiant=13,Giant;Gorak Longstride;Grok;Frost Giant;Giant Chieftain
9600AA07,mihail_icetribe_race,,mihailseagiants.esp,Sea Giants - Mihail Monsters and Animals,4,0,combat,giant,,,keyword,NPC-record ActorTypeGiant on >=50%,Beast,keyword,,ActorTypeCreature,ActorTypeGiant=4,Half-Giant Glacier Scout;Half-Giant Tidebreaker;Half-Giant Snowraider;Half-Giant Frostcaller
9601503E,mihail_seagiant_race,Giant,mihailseagiants.esp,Sea Giants - Mihail Monsters and Animals,3,0,combat,giant,,,keyword,NPC-record ActorTypeGiant on >=50%,Beast,keyword,,ActorTypeCreature,ActorTypeGiant=3,Sea Giant Bulwark;Sea Giant Winter Warrior;Sea Giant Icepounder
FE6E7800,mihailgiantesses_race,Giant,mihailgiantfamily.esp,Giants Overhaul - Mihail (inferred),2,0,combat,giant,,,keyword,NPC-record ActorTypeGiant on >=50%,Beast,keyword,,ActorTypeCreature,ActorTypeGiant=2,Giantess
832ECDAA,GiantRaceWRMerchant,Giant,SurWR.esp,unresolved (SurWR.esp),1,1,combat,giant,,,keyword,NPC-record ActorTypeGiant on >=50%,Beast,keyword,,ActorTypeCreature,ActorTypeGiant=1,Hrungnir
FE6E7801,mihailgiantyounglingrace,Giant,mihailgiantfamily.esp,Giants Overhaul - Mihail (inferred),1,0,combat,giant,,,keyword,NPC-record ActorTypeGiant on >=50%,Beast,keyword,,ActorTypeCreature,ActorTypeGiant=1,Giant Youngling
FE6E7822,mihailgiantesses_race2,Giant,mihailgiantfamily.esp,Giants Overhaul - Mihail (inferred),1,0,combat,giant,,,keyword,NPC-record ActorTypeGiant on >=50%,Beast,keyword,,ActorTypeCreature,ActorTypeGiant=1,Giantess Matriarch
000CAE13,C00GiantOutsideWhiterunRace,Giant,Skyrim.esm,Skyrim (base game),1,0,combat,giant,,,keyword,NPC-record ActorTypeGiant on >=50%,Beast,keyword,,ActorTypeCreature,ActorTypeGiant=1,Giant
490FF210,IniGiantRace,Giant,Inigo.esp,DementedLulu's INIGO,1,1,combat,giant,humanoid,,keyword,NPC-record ActorTypeGiant on >=50%,Humanoid,keyword,Humanoid -> giant,ActorTypeNPC,ActorTypeGiant=1,Conker
00013746,NordRace,Nord,Skyrim.esm,Skyrim (base game),10982,920,combat,humanoid,,person,keyword,keyword ActorTypeNPC,Humanoid,keyword,,ActorTypeNPC,ActorTypeDaedra=4;ActorTypeGhost=141;ActorTypeNPC=27;ActorTypeUndead=159,Prisoner;Stormcloak Soldier;Imperial Soldier;Vigilant of Stendarr;Headless Horseman
00013742,DarkElfRace,Dunmer,Skyrim.esm,Skyrim (base game),9184,358,combat,humanoid,,person,keyword,keyword ActorTypeNPC,Humanoid,keyword,,ActorTypeNPC,ActorTypeGhost=15;ActorTypeNPC=24;ActorTypeUndead=21,Vigilant of Stendarr;Prisoner;Pyromancer;Conjurer;Saarthal Miner
00013744,ImperialRace,Imperial,Skyrim.esm,Skyrim (base game),5465,367,combat,humanoid,,person,keyword,keyword ActorTypeNPC,Humanoid,keyword,,ActorTypeNPC,ActorTypeDaedra=5;ActorTypeGhost=4;ActorTypeNPC=30;ActorTypeUndead=22,Prisoner;Imperial Soldier;Brian the Drunk;Priestess of Arkay;Courier
00013748,RedguardRace,Redguard,Skyrim.esm,Skyrim (base game),4583,149,combat,humanoid,,person,keyword,keyword ActorTypeNPC,Humanoid,keyword,,ActorTypeNPC,ActorTypeGhost=6;ActorTypeNPC=19;ActorTypeUndead=13,Alik'r Warrior;Vigilant of Stendarr;Prisoner;Redguard;Bandit
00013741,BretonRace,Breton,Skyrim.esm,Skyrim (base game),3501,217,combat,humanoid,,person,keyword,keyword ActorTypeNPC,Humanoid,keyword,,ActorTypeNPC,ActorTypeDragon=1;ActorTypeGhost=12;ActorTypeNPC=1549;ActorTypeUndead=20,Prisoner;Hamelyn;Mage;Novice Necromancer;Electromancer
00013747,OrcRace,Orsimer,Skyrim.esm,Skyrim (base game),1524,162,combat,humanoid,,person,keyword,keyword ActorTypeNPC,Humanoid,keyword,,ActorTypeNPC,ActorTypeGhost=2;ActorTypeNPC=3;ActorTypeUndead=3,Prisoner;Orc;Marauder;Uglarz;Orc Hunter
00013749,WoodElfRace,Bosmer,Skyrim.esm,Skyrim (base game),1147,86,combat,humanoid,,person,keyword,keyword ActorTypeNPC,Humanoid,keyword,,ActorTypeNPC,ActorTypeDaedra=1;ActorTypeGhost=2;ActorTypeNPC=5;ActorTypeUndead=2,Prisoner;Courier;Wood Elf;Saarthal Miner;Hunter
00013745,KhajiitRace,Khajiit,Skyrim.esm,Skyrim (base game),1034,72,combat,humanoid,,person,keyword,keyword ActorTypeNPC,Humanoid,keyword,,ActorTypeNPC,ActorTypeNPC=5;ActorTypeUndead=6,Khajiit;Adventurer;Thief;Bandit;Hunter of Hircine
00013740,ArgonianRace,Argonian,Skyrim.esm,Skyrim (base game),616,91,combat,humanoid,,person,keyword,keyword ActorTypeNPC,Humanoid,keyword,,ActorTypeNPC,ActorTypeGhost=2;ActorTypeNPC=2;ActorTypeUndead=2,Argonian;Thief;Merchant;Warehouse Traps Reset Test Guy;Ilas-Tei
00013743,HighElfRace,Altmer,Skyrim.esm,Skyrim (base game),500,127,combat,humanoid,,person,keyword,keyword ActorTypeNPC,Humanoid,keyword,,ActorTypeNPC,ActorTypeDwarven=1;ActorTypeGhost=3;ActorTypeNPC=1;ActorTypeUndead=9,Prisoner;Electromancer;Necromancer;Cryomancer;Pyromancer
00097A3D,DA13AfflictedRace,Breton,Skyrim.esm,Skyrim (base game),117,0,variant,humanoid,,person,keyword,keyword ActorTypeNPC,Humanoid,keyword,,ActorTypeNPC,,Afflicted Refugee;Afflicted;Afflicted Devotee
00067CD8,ElderRace,Elder,Skyrim.esm,Skyrim (base game),117,94,combat,humanoid,,person,keyword,keyword ActorTypeNPC,Humanoid,keyword,,ActorTypeNPC,ActorTypeDaedra=1;ActorTypeUndead=7,Thief;Froki Whetted-Blade;Nord;Bendt;Madwoman
000131FB,HagravenRace,Hagraven,Skyrim.esm,Skyrim (base game),107,11,combat,humanoid,,goblinoid,name,name (goblinoid: falmer/riekling/goblin/grummite/minotaur/hagraven/lamia),Beast,keyword,Beast -> humanoid,ActorTypeCreature,,Glenmoril Witch;Ancient Hagraven;Melka;Moira;Lucerne
0002C65B,NordRaceChild,Nord,Skyrim.esm,Skyrim (base game),70,61,child,humanoid,,person,keyword,keyword ActorTypeNPC,Humanoid,keyword,,ActorTypeNPC,ActorTypeGhost=1,Haming;Bottar;Sond;Little Pelagius;Helgi's Ghost
000131F4,FalmerRace,Falmer,Skyrim.esm,Skyrim (base game),66,2,combat,humanoid,,goblinoid,name,name (goblinoid: falmer/riekling/goblin/grummite/minotaur/hagraven/lamia),Beast,keyword,Beast -> humanoid,ActorTypeCreature,,Falmer;Frozen Vampire Falmer;Feral Falmer;Alberthor;Arch-Shaman Volaruusum
1F002800,EC_SS_GrummiteRace,,Skyrim Extended Cut - Saints and Seducers.esp,Skyrim Extended Cut - Saints and Seducers,49,0,combat,humanoid,,goblinoid,name,name (goblinoid: falmer/riekling/goblin/grummite/minotaur/hagraven/lamia),Beast,keyword,Beast -> humanoid,ActorTypeCreature,,Grummite;Grummite Thumper;Grummite Beater;Grummite Pummeler;Golden Grummite
2805C595,GoblinRace,,Journey to Baan Malur.esp,Journey to Baan Malur and Morrowind,43,4,combat,humanoid,,goblinoid,keyword,keyword ActorTypeNPC,Humanoid,keyword,,ActorTypeNPC,,Goblin;Shaman;Warchief;Goblin Berserker;Berserker
04017F44,DLC2RieklingRace,,Dragonborn.esm,Dragonborn (DLC),24,1,combat,humanoid,,goblinoid,keyword,keyword DLC2RieklingKeyword (goblinoid),Beast,keyword,Beast -> humanoid,ActorTypeCreature,,Riekling;Riekling Warrior;Riekling Tribe Leader;Tu'uk
0010760A,ManakinRace,Manikin,Skyrim.esm,Skyrim (base game),21,2,technical,humanoid,,person,keyword,keyword ActorTypeNPC,Humanoid,keyword,,ActorTypeNPC,,Strange Mannequin
FE6E2814,MinotaurRace,Minotaur,1Minotaurs.esp,Minotaurs SE,20,2,combat,humanoid,,goblinoid,keyword,keyword ActorTypeNPC,Humanoid,keyword,,ActorTypeNPC,,Minotaur;Bahatrus;Hazra;Half-Minotaur;Minotaur Shaman
FE021800,ccBGSSSE040_GoblinRace,,ccbgssse040-advobgobs.esl,Creation Club: Goblins,16,1,combat,humanoid,,goblinoid,keyword,keyword DLC2RieklingKeyword (goblinoid),Beast,keyword,Beast -> humanoid,ActorTypeCreature,,Gogh;Goblin;Goblin Skirmisher;Goblin Berserker;Goblin Elite
3054400F,zzzCHMntrRaceSoulless,Minotaur Race,Vigilant.esm,VIGILANT SE,12,0,combat,humanoid,animal,goblinoid,keyword,keyword ActorTypeNPC,Beast,keyword,Beast -> humanoid,ActorTypeAnimal;ActorTypeNPC,,Soul-Shriven Minotaur
3050F8B8,zzzCHMntrRace,Minotaur Race,Vigilant.esm,VIGILANT SE,11,2,combat,humanoid,animal,goblinoid,keyword,keyword ActorTypeNPC,Beast,keyword,Beast -> humanoid,ActorTypeAnimal;ActorTypeNPC,,Minotaura;Minotaur;Morihaus' Man-Bull Soldier;Paravania the Man-Bull;Mordog the Man-Bull
30500DBA,zzzCHImgaHumanRace,Imga Race,Vigilant.esm,VIGILANT SE,10,3,combat,humanoid,,goblinoid,keyword,keyword ActorTypeNPC,Humanoid,keyword,,ActorTypeNPC,,Imga Priest;Saklas the Man-Ape;Marukh
0002C659,ImperialRaceChild,Imperial,Skyrim.esm,Skyrim (base game),9,6,child,humanoid,,person,keyword,keyword ActorTypeNPC,Humanoid,keyword,,ActorTypeNPC,,Mila Valentia;Samuel;Francois Beaufort;Lucia;Gracchus
0002C65A,RedguardRaceChild,Redguard,Skyrim.esm,Skyrim (base game),9,6,child,humanoid,,person,keyword,keyword ActorTypeNPC,Humanoid,keyword,,ActorTypeNPC,,Braith;Adara;Kayd;TestKid;Alesan
040179CF,DLC2MountedRieklingRace,,Dragonborn.esm,Dragonborn (DLC),8,0,combat,humanoid,,goblinoid,keyword,keyword DLC2RieklingKeyword (goblinoid),Humanoid,name,,,,Riekling
0200377D,SnowElfRace,High Elf,Dawnguard.esm,Dawnguard (DLC),8,8,combat,humanoid,,person,keyword,keyword ActorTypeNPC,Humanoid,keyword,,ActorTypeNPC,ActorTypeGhost=1;ActorTypeUndead=2,Prelate Sidanyis;Arch-Curate Vyrthur;Knight-Paladin Gelebor;Prelate Athring;Prelate Celegriath
00071E6A,InvisibleRace,Invisible Race,Skyrim.esm,Skyrim (base game),8,0,technical,humanoid,,person,keyword,keyword ActorTypeNPC,Humanoid,keyword,,ActorTypeNPC,ActorTypeGhost=2;ActorTypeUndead=2,Ghost Axe;Ghost;Sveipr;Navmesh Tester
0002C65C,BretonRaceChild,Breton,Skyrim.esm,Skyrim (base game),7,5,child,humanoid,,person,keyword,keyword ActorTypeNPC,Humanoid,keyword,,ActorTypeNPC,,Clinton Lylvieve;Erith;Blaise;Lianna;Loros
3050F8C8,zzzCHMntrRaceChild,Minotaur Race,Vigilant.esm,VIGILANT SE,6,0,child,humanoid,animal,goblinoid,keyword,keyword ActorTypeNPC,Beast,keyword,Beast -> humanoid,ActorTypeAnimal;ActorTypeNPC,,Minotaur Child
FE603806,JKJKhajiitPahmarRaht,"Khajiit, Pahmar-Raht",Project ja-Kha'jay- Khajiit Diversity.esp,Project ja-Kha'jay - Khajiit NPC Diversity Overhaul,4,2,variant,humanoid,,person,keyword,keyword ActorTypeNPC,Humanoid,keyword,,ActorTypeNPC,,Ra'jirr;J'Kier;Ra'zhinda;Dro'marash
FE603815,JKJKhajiitSuthayRahtAltTiger,"Khajiit, Suthay-Raht",Project ja-Kha'jay- Khajiit Diversity.esp,Project ja-Kha'jay - Khajiit NPC Diversity Overhaul,4,3,variant,humanoid,,person,keyword,keyword ActorTypeNPC,Humanoid,keyword,,ActorTypeNPC,,J'datharr;M'aiq the Liar
9C000D61,LAMIzzzM150LE_Lamia_Race,Lamia,BetalillesHammerfellQuestBundle.esp,Betalille's Hammerfell Quests Bundle,4,2,combat,humanoid,,goblinoid,name,name (goblinoid: falmer/riekling/goblin/grummite/minotaur/hagraven/lamia),Beast,keyword,Beast -> humanoid,ActorTypeCreature,,Oziriana;Feiria the Matriarch;Spectral Lamia
28081686,DunmerRaceChild,Imperial,Journey to Baan Malur.esp,Journey to Baan Malur and Morrowind,3,2,child,humanoid,,person,keyword,keyword ActorTypeNPC,Humanoid,keyword,,ActorTypeNPC,,Fyra Llefta
FE603807,JKJKhajiitCathayRaht,"Khajiit, Cathay-Raht",Project ja-Kha'jay- Khajiit Diversity.esp,Project ja-Kha'jay - Khajiit NPC Diversity Overhaul,3,2,variant,humanoid,,person,keyword,keyword ActorTypeNPC,Humanoid,keyword,,ActorTypeNPC,,Ra'kheran;Khayla;Ma'jhad
FE603805,JKJKhajiitOhmes,"Khajiit, Ohmes",Project ja-Kha'jay- Khajiit Diversity.esp,Project ja-Kha'jay - Khajiit NPC Diversity Overhaul,3,3,variant,humanoid,,person,keyword,keyword ActorTypeNPC,Humanoid,keyword,,ActorTypeNPC,,Shavari;Atahbah;Ma'zaka
FE6038C4,JKJKhajiitOhmesRahtRace,"Khajiit, Ohmes-Raht",Project ja-Kha'jay- Khajiit Diversity.esp,Project ja-Kha'jay - Khajiit NPC Diversity Overhaul,3,2,variant,humanoid,,person,keyword,keyword ActorTypeNPC,Humanoid,keyword,,ActorTypeNPC,,Ahjisi;J'zhar;Ma'dran
FE60380A,JKJKhajiitSuthayRaht,"Khajiit, Suthay-Raht",Project ja-Kha'jay- Khajiit Diversity.esp,Project ja-Kha'jay - Khajiit NPC Diversity Overhaul,3,1,variant,humanoid,,person,keyword,keyword ActorTypeNPC,Humanoid,keyword,,ActorTypeNPC,,Tsrasuna;Kesh the Clean;J'darr
FE603808,JKJKhajiitTojay,"Khajiit, Tojay",Project ja-Kha'jay- Khajiit Diversity.esp,Project ja-Kha'jay - Khajiit NPC Diversity Overhaul,3,2,variant,humanoid,,person,keyword,keyword ActorTypeNPC,Humanoid,keyword,,ActorTypeNPC,,Ma'tasarr;Tsavani;Zaynabi
87534B53,REQ_Race_Illusion_ShadowSummon,Shadow,Requiem.esp,Requiem,3,0,summon,humanoid,,person,keyword,keyword ActorTypeNPC,Humanoid,keyword,,ActorTypeNPC,,Shadow Executioner;Mistress of the Dark;Shadow Assassin
FE010824,BGSSSE018_ArgonianRaceDoppelganger,Argonian,ccbgssse018-shadowrend.esl,Creation Club: Shadowrend,2,0,variant,humanoid,,person,keyword,keyword ActorTypeNPC,Humanoid,keyword,,ActorTypeNPC,,Shadow
FE749836,BeastHHBB_ArgonianPOLY_02,Argonian Child,BeastHHBB - Adoptable Beast Children.esp,Adoptable Beast Children,2,2,child,humanoid,,person,keyword,keyword ActorTypeNPC,Humanoid,keyword,,ActorTypeNPC,,Waits-for-Fredas;Fell-in-his-Sap
4A00435E,urshug_DarkelfRaceChild,Dark Elf,Kidmer - Adoptable Elf Children 1_2.esp,Kidmer - Adoptable Elf Children,2,2,child,humanoid,,person,keyword,keyword ActorTypeNPC,Humanoid,keyword,,ActorTypeNPC,,Felana;Terlan
4A004900,urshug_HighelfRaceChild,High Elf,Kidmer - Adoptable Elf Children 1_2.esp,Kidmer - Adoptable Elf Children,2,2,child,humanoid,,person,keyword,keyword ActorTypeNPC,Humanoid,keyword,,ActorTypeNPC,,Arthano;Elandra
3300203C,ksws07SnowElfRace,High Elf,ksws07_quest.esm,unresolved (ksws07_quest.esm),2,2,variant,humanoid,,person,keyword,keyword ActorTypeNPC,Humanoid,keyword,,ActorTypeNPC,,Siwe;Cursed Shadow
9512624D,AK69KatanaRace,Katana Race,Katana.esp,Katana - Journey in the Shadows,2,2,variant,humanoid,,person,keyword,keyword ActorTypeNPC,Humanoid,keyword,,ActorTypeNPC,,Katana;Katana's Shade
FE010828,BGSSSE018_KhajiitRaceDoppelganger,Khajiit,ccbgssse018-shadowrend.esl,Creation Club: Shadowrend,2,0,variant,humanoid,,person,keyword,keyword ActorTypeNPC,Humanoid,keyword,,ActorTypeNPC,,Shadow
FE603809,JKJKhajiitDagiRaht,"Khajiit, Dagi-Raht",Project ja-Kha'jay- Khajiit Diversity.esp,Project ja-Kha'jay - Khajiit NPC Diversity Overhaul,2,2,variant,humanoid,,person,keyword,keyword ActorTypeNPC,Humanoid,keyword,,ActorTypeNPC,,J'zargo;Ma'randru-jo
3006592B,zzzCOChildRaceKillable,Killable Child Race,Vigilant.esm,VIGILANT SE,2,2,child,humanoid,,person,keyword,keyword ActorTypeNPC,Humanoid,keyword,,ActorTypeNPC,,Julius;Urchin
30510AE2,zzzCHMntrRaceElder,Minotaur Race,Vigilant.esm,VIGILANT SE,2,2,combat,humanoid,animal,goblinoid,keyword,keyword ActorTypeNPC,Beast,keyword,Beast -> humanoid,ActorTypeAnimal;ActorTypeNPC,,Belharza the Man-Bull;Horbahha the Chief
FE133800,KWVig_NedeRace,Nede,Vigilant NPCs Refined.esp,VIGILANT - NPCs Refined,2,2,combat,humanoid,,person,keyword,keyword ActorTypeNPC,Humanoid,keyword,,ActorTypeNPC,,Lamae Bal;Lamae Beolfag
216A01D8,HD1RaceChild,Nord,GORE.esp,Gore - A Companion Mod,2,2,child,humanoid,,person,keyword,keyword ActorTypeNPC,Humanoid,keyword,,ActorTypeNPC,,Reese;Dorothy
FE010829,BGSSSE018_NordRaceDoppelganger,Nord,ccbgssse018-shadowrend.esl,Creation Club: Shadowrend,2,0,variant,humanoid,,person,keyword,keyword ActorTypeNPC,Humanoid,keyword,,ActorTypeNPC,,Shadow
2140217B,HDGoreRace,Nord,GORE.esp,Gore - A Companion Mod,2,2,variant,humanoid,,person,keyword,keyword ActorTypeNPC,Humanoid,keyword,,ActorTypeNPC,,Gore
0007EAF3,NordRaceAstrid,Nord,Skyrim.esm,Skyrim (base game),2,1,variant,humanoid,,person,keyword,keyword ActorTypeNPC,Humanoid,keyword,,ActorTypeNPC,,Astrid;Flayed Soul
4A000D6B,urshug_OrcRaceChild,Orc,Kidmer - Adoptable Elf Children 1_2.esp,Kidmer - Adoptable Elf Children,2,2,child,humanoid,,person,keyword,keyword ActorTypeNPC,Humanoid,keyword,,ActorTypeNPC,,Urshug;Borgrob
FE01082A,BGSSSE018_OrcRaceDoppelganger,Orc,ccbgssse018-shadowrend.esl,Creation Club: Shadowrend,2,0,variant,humanoid,,person,keyword,keyword ActorTypeNPC,Humanoid,keyword,,ActorTypeNPC,,Shadow
FE696819,REQ_Race_Illusion_ShadowClone,Shadow Clone,Shadow Clone on Self.esp,Shadow Clone on Self,2,0,summon,humanoid,,person,keyword,keyword ActorTypeNPC,Humanoid,keyword,,ActorTypeNPC,,Shadow Clone
FE01082B,BGSSSE018_WoodElfRaceDoppelganger,Wood Elf,ccbgssse018-shadowrend.esl,Creation Club: Shadowrend,2,0,variant,humanoid,,person,keyword,keyword ActorTypeNPC,Humanoid,keyword,,ActorTypeNPC,,Shadow
4A004901,urshug_WoodelfRaceChild,Wood Elf,Kidmer - Adoptable Elf Children 1_2.esp,Kidmer - Adoptable Elf Children,2,2,child,humanoid,,person,keyword,keyword ActorTypeNPC,Humanoid,keyword,,ActorTypeNPC,,Lorwen;Brundil
FE733816,0Asy1um_OthrielSnowElfRace,0Asy1um_OthrielSnowElfRace,Snowfall - A Othriel Visual Replacer.esp,Snowfall - A Othriel Visual Replacer,1,1,variant,humanoid,,person,keyword,keyword ActorTypeNPC,Humanoid,keyword,,ActorTypeNPC,,Othriel
FE749D62,BeastHHBB_ArgonianPOLY,Argonian Child,BeastHHBB - Adoptable Beast Children.esp,Adoptable Beast Children,1,1,child,humanoid,,person,keyword,keyword ActorTypeNPC,Humanoid,keyword,,ActorTypeNPC,,Willisi
660BBEE7,WB_ConjureCraftlord_Race,Craftlord,Apocalypse - Magic of Skyrim.esp,Apocalypse - Magic of Skyrim,1,0,summon,humanoid,,person,keyword,keyword ActorTypeNPC,Humanoid,keyword,,ActorTypeNPC,ActorTypeDwarven=1,Craftlord
FE6E2807,FeralMinotaurRace,Feral Minotaur Race,1Minotaurs.esp,Minotaurs SE,1,0,combat,humanoid,,goblinoid,name,name (goblinoid: falmer/riekling/goblin/grummite/minotaur/hagraven/lamia),Beast,keyword,Beast -> humanoid,ActorTypeCreature,ActorTypeVampireBrute=1,Feral Minotaur
88228876,Mirel_RFDP_AncientDragonbornRace,Invisible Race,Fozars_Dragonborn_-_Requiem_Patch.esp,unresolved (Fozar Dragonborn Requiem patch),1,0,variant,humanoid,,person,keyword,keyword ActorTypeNPC,Humanoid,keyword,,ActorTypeNPC,,Ancient Dragonborn
FE749834,BeastHHBB_KhajiitLeopardPOLY,Khajiit child,BeastHHBB - Adoptable Beast Children.esp,Adoptable Beast Children,1,1,child,humanoid,,person,keyword,keyword ActorTypeNPC,Humanoid,keyword,,ActorTypeNPC,,Stripe
FE74980C,BeastHHBB_KhajiitPOLY_Tigress,Khajiit child,BeastHHBB - Adoptable Beast Children.esp,Adoptable Beast Children,1,1,child,humanoid,,person,keyword,keyword ActorTypeNPC,Humanoid,keyword,,ActorTypeNPC,,Kai-Lin
FE749822,BeastHHBB_KhajiitCheetahPOLY,Khajiit child,BeastHHBB - Adoptable Beast Children.esp,Adoptable Beast Children,1,1,child,humanoid,,person,keyword,keyword ActorTypeNPC,Humanoid,keyword,,ActorTypeNPC,,Sonaan Paw
90000C4D,JEL_MinotaurRace,Minotaur,MorihausRefugeStandalone.esp,Morihaus' Refuge,1,0,combat,humanoid,,goblinoid,name,name (goblinoid: falmer/riekling/goblin/grummite/minotaur/hagraven/lamia),Beast,keyword,Beast -> humanoid,ActorTypeCreature,,Minotaur
FE6CC825,COTRRace,Nord,LoreRim - NPC Overwrite Merge.esp,LoreRim,1,1,variant,humanoid,,person,keyword,keyword ActorTypeNPC,Humanoid,keyword,,ActorTypeNPC,,Brynjolf
0403CA97,DLC2MiraakRace,Nord,Dragonborn.esm,Dragonborn (DLC),1,1,variant,humanoid,,person,manual,"manual: Miraak (DLC2ActorTypeMiraak, Nord)",Humanoid,name,,,ActorTypeDaedra=1,Miraak
FE08C81D,_K02_LightningRailActorRace,Sprite,KittySpellPack02.esl,unresolved (KittySpellPack02.esl),1,0,technical,humanoid,,person,keyword,keyword ActorTypeNPC,Humanoid,keyword,,ActorTypeNPC,,Supercharged Sprite
1F099D31,EC_SS_ThoronRace,Thoron,Skyrim Extended Cut - Saints and Seducers.esp,Skyrim Extended Cut - Saints and Seducers,1,1,combat,humanoid,,person,keyword,keyword ActorTypeNPC,Humanoid,keyword,,ActorTypeNPC,,Thoron
30080D5B,zzzCHShoggothLittleRace,Shoggoth Little Race,Vigilant.esm,VIGILANT SE,10,3,combat,monster,,eldritch,keyword,keyword ActorTypeCreature only (catch-all),Beast,keyword,,ActorTypeCreature,,Dark Kid;Atima;Conrad;Alan
000131FE,IceWraithRace,Ice Wraith,Skyrim.esm,Skyrim (base game),9,0,combat,monster,element_frost,elemental,manual,manual: ice wraith: Creature only; Ghost on 3/9 NPC records,Beast,keyword,,ActorTypeCreature,ActorTypeGhost=3;ActorTypeSpirit=4;ActorTypeUndead=3,Ice Wraith;Spirit Ice Wraith;Potent Spirit Ice Wraith
30080D5D,zzzCHShoggothRace,Shoggoth Race,Vigilant.esm,VIGILANT SE,8,0,combat,monster,,eldritch,keyword,keyword ActorTypeCreature only (catch-all),Beast,keyword,,ActorTypeCreature,,Dark One;Bartholo
300B0E92,zzzCHGiantBloodSuckerRace,Giant Bloodsucker Race,Vigilant.esm,VIGILANT SE,7,4,combat,monster,,eldritch,keyword,keyword ActorTypeCreature only (catch-all),Beast,keyword,,ActorTypeCreature,,The King of Leeches;Saklas the Man-Ape;Jhunal the Owl;Molag Bal;Giant Plague Leech
30080D5C,zzzCHShoggothFLYRace,Shoggoth Fly Race,Vigilant.esm,VIGILANT SE,7,0,combat,monster,,eldritch,keyword,keyword ActorTypeCreature only (catch-all),Beast,keyword,,ActorTypeCreature,,Flying Dark Kid
000F3903,SprigganMatronRace,Spriggan,Skyrim.esm,Skyrim (base game),7,0,combat,monster,,spriggan,keyword,keyword REQ_Spriggan,Beast,keyword,,ActorTypeCreature,ActorTypeSpirit=1,Spriggan;Blooming Spriggan Matron;Blooming Spriggan;Spriggan Matriarch;Swamp Spriggan
0401B644,DLC2SprigganBurntRace,Burnt Spriggan,Dragonborn.esm,Dragonborn (DLC),6,0,combat,monster,,spriggan,keyword,keyword REQ_Spriggan,Beast,keyword,,ActorTypeCreature,ActorTypeSpirit=1,Burnt Spriggan;Blooming Spriggan;Enraged Spriggan
00013204,SprigganRace,Spriggan,Skyrim.esm,Skyrim (base game),6,0,combat,monster,,spriggan,keyword,keyword REQ_Spriggan,Beast,keyword,,ActorTypeCreature,ActorTypeSpirit=1,Spriggan
30080D5A,zzzCHHMYoungRace,Young Race,Vigilant.esm,VIGILANT SE,6,0,combat,monster,,eldritch,keyword,keyword ActorTypeCreature only (catch-all),Beast,keyword,,ActorTypeCreature,,Dark Flesh
000B6F95,MagicAnomalyRace,Essence of Magicka,Skyrim.esm,Skyrim (base game),5,0,combat,monster,,elemental,manual,manual: magic anomaly,Beast,keyword,,ActorTypeCreature,ActorTypeCreature=5,Magic Anomaly;Sentinel
8D00603E,REQ_Race_Conjuration_FireWyrm,Fire Wyrm,Requiem - Magic Redone.esp,Requiem - Magic Redone,5,0,summon,monster,spectral;element_fire,elemental,keyword,keyword ActorTypeCreature only (catch-all),Beast,keyword,,ActorTypeCreature,ActorTypeSpirit=5,Spirit Fire Wyrm;Potent Spirit Fire Wyrm;Fire Wyrm
02019D86,DLC1GargoyleVariantGreenRace,Gargoyle,Dawnguard.esm,Dawnguard (DLC),5,0,combat,monster,,gargoyle,keyword,keyword ActorTypeCreature only (catch-all),Beast,keyword,,ActorTypeCreature,ActorTypeVampireBrute=5,Gargoyle;Gritstone the Patriarch
8D0061BD,REQ_Race_Conjuration_StormWyrm,Storm Wyrm,Requiem - Magic Redone.esp,Requiem - Magic Redone,5,0,summon,monster,spectral;element_shock,elemental,keyword,keyword ActorTypeCreature only (catch-all),Beast,keyword,,ActorTypeCreature,ActorTypeSpirit=5,Spirit Storm Wyrm;Potent Spirit Storm Wyrm;Storrm Wyrm
FE08B802,WitchlightRaceFAIRY,Witchlight,melyfairy.esl,Fairies,5,0,fauna,monster,,other,keyword,keyword ActorTypeCreature only (catch-all),Beast,keyword,,ActorTypeCreature,,Sprite;Test Fairy
A4277BB6,JRmihailimprace,,Lucien.esp,Lucien - Immersive Fully Voiced Male Follower,4,0,combat,monster,,other,manual,manual: Lucien imp tagged ActorTypeNPC,Humanoid,keyword,Humanoid -> monster,ActorTypeNPC,,Imp
300B8AD8,zzzCHBloodSuckerRace,Bloodsucker Race,Vigilant.esm,VIGILANT SE,4,0,combat,monster,,eldritch,keyword,keyword ActorTypeCreature only (catch-all),Beast,keyword,,ActorTypeCreature,,Piece of Jhunal;Blood-Cursed Flesh;Plague Leech
284506AF,SoM_I5KDreughRace,Dreugh,Journey to Baan Malur.esp,Journey to Baan Malur and Morrowind,4,0,combat,monster,,other,keyword,keyword ActorTypeCreature only (catch-all),Beast,keyword,,ActorTypeCreature,,Dreugh;Alpha Dreugh
1F0524C5,EC_SS_ScalonRace,Scalon,Skyrim Extended Cut - Saints and Seducers.esp,Skyrim Extended Cut - Saints and Seducers,4,0,combat,monster,,other,keyword,keyword ActorTypeCreature only (catch-all),Beast,keyword,,ActorTypeCreature,,Scalon
300B0D85,zzzCHBloodSuckerFishRace,bloodfish race,Vigilant.esm,VIGILANT SE,3,0,combat,monster,,eldritch,keyword,keyword ActorTypeCreature only (catch-all),Beast,keyword,,ActorTypeCreature,,Plague Leech
0C1B691F,ccBGSSSE025_CorruptedSprigganRaceDementia,Corrupted Spriggan,ccBGSSSE025-AdvDSGS.esm,Creation Club: Saints & Seducers,3,0,combat,monster,,spriggan,keyword,keyword REQ_Spriggan,Beast,keyword,,ActorTypeCreature,,Gnarl
0C1B6918,ccBGSSSE025_CorruptedSprigganRaceMania,Corrupted Spriggan,ccBGSSSE025-AdvDSGS.esm,Creation Club: Saints & Seducers,3,0,combat,monster,,spriggan,keyword,keyword REQ_Spriggan,Beast,keyword,,ActorTypeCreature,,Gnarl
0200A2C6,DLC1GargoyleRace,Gargoyle,Dawnguard.esm,Dawnguard (DLC),3,0,combat,monster,,gargoyle,keyword,keyword ActorTypeCreature only (catch-all),Beast,keyword,,ActorTypeCreature,ActorTypeVampireBrute=3,Gargoyle
02010D00,DLC1GargoyleVariantBossRace,Gargoyle,Dawnguard.esm,Dawnguard (DLC),3,1,combat,monster,,gargoyle,keyword,keyword ActorTypeCreature only (catch-all),Beast,keyword,,ActorTypeCreature,ActorTypeVampireBrute=3,Gargoyle;Volkihar Brute
02013B77,SprigganEarthMotherRace,Spriggan,Dawnguard.esm,Dawnguard (DLC),3,0,combat,monster,,spriggan,keyword,keyword REQ_Spriggan,Beast,keyword,,ActorTypeCreature,ActorTypeSpirit=1,Spriggan;Spriggan Earth Mother
6735E36B,TVR_Totem_Race_Totem,Totem,Triumvirate - Mage Archetypes.esp,Triumvirate - Mage Archetypes,3,0,summon,monster,,other,keyword,keyword ActorTypeCreature only (catch-all),Beast,keyword,,ActorTypeCreature,,Earth Totem;Water Totem;Tree Totem
000F1182,WispShadeRace,Wisp Shade,Skyrim.esm,Skyrim (base game),3,1,combat,monster,,other,keyword,keyword ActorTypeCreature only (catch-all),Beast,keyword,,ActorTypeCreature,ActorTypeGhost=1;ActorTypeUndead=1,Shade;Larelleis;Wispmother
A4277BB8,JRmihailimpracechargedshock,,Lucien.esp,Lucien - Immersive Fully Voiced Male Follower,2,0,combat,monster,element_shock,elemental,manual,manual: Lucien imp tagged ActorTypeNPC,Humanoid,keyword,Humanoid -> monster,ActorTypeNPC,,Charged Shock Imp
2F000800,mihailgoronrace,Frost Atronach,Gray Fox Cowl.esm,Betalille's Hammerfell Quests Bundle - The Gray Cowl of Nocturnal,2,0,combat,monster,element_frost,elemental,keyword,keyword ActorTypeCreature only (catch-all),Beast,keyword,,ActorTypeCreature,,Goron
1F152150,EC_SS_CorruptedSprigganBossRaceMania,Gnarl Elder,Skyrim Extended Cut - Saints and Seducers.esp,Skyrim Extended Cut - Saints and Seducers,2,0,combat,monster,,spriggan,keyword,keyword REQ_Spriggan,Beast,keyword,,ActorTypeCreature,,Gnarl Elder
04029EE7,DLC2dunKarstaagIceWraithRace,Ice Wraith,Dragonborn.esm,Dragonborn (DLC),2,0,combat,monster,undead;spectral;element_frost,elemental,manual,manual: ice wraith,Beast,keyword,,ActorTypeCreature,ActorTypeGhost=2;ActorTypeUndead=2,Ice Wraith
30080D5E,zzzCHShoggothMotherRace,Shoggoth Mother Race,Vigilant.esm,VIGILANT SE,2,1,combat,monster,,eldritch,keyword,keyword ActorTypeCreature only (catch-all),Beast,keyword,,ActorTypeCreature,,Mary the Dark Maiden
8D006077,REQ_Race_Conjuration_SpiritWispmother,Wisp Mother,Requiem - Magic Redone.esp,Requiem - Magic Redone,2,0,summon,monster,spectral,spectral,keyword,keyword ActorTypeCreature only (catch-all),Beast,keyword,,ActorTypeCreature,ActorTypeSpirit=2,Spirit Wispmother;Potent Spirit Wispmother
A4277BB9,JRmihailimpracebossfire,,Lucien.esp,Lucien - Immersive Fully Voiced Male Follower,1,0,combat,monster,element_fire,elemental,manual,manual: Lucien imp tagged ActorTypeNPC,Humanoid,keyword,Humanoid -> monster,ActorTypeNPC,,Fiery Imp
A4277BBA,JRmihailimpracebossshock,,Lucien.esp,Lucien - Immersive Fully Voiced Male Follower,1,0,combat,monster,element_shock,elemental,manual,manual: Lucien imp tagged ActorTypeNPC,Humanoid,keyword,Humanoid -> monster,ActorTypeNPC,,Vile Imp
A4277BB7,JRmihailimpracechargedfire,,Lucien.esp,Lucien - Immersive Fully Voiced Male Follower,1,0,combat,monster,element_fire,elemental,manual,manual: Lucien imp tagged ActorTypeNPC,Humanoid,keyword,Humanoid -> monster,ActorTypeNPC,,Charged Fire Imp
2803832F,mihaillameraceABOM,Draugr,Journey to Baan Malur.esp,Journey to Baan Malur and Morrowind,1,0,combat,monster,,other,keyword,keyword ActorTypeCreature only (catch-all),Beast,keyword,,ActorTypeCreature,,Blighted Abomination
2803D436,mihailcorpruspukerrace,Draugr,Journey to Baan Malur.esp,Journey to Baan Malur and Morrowind,1,0,combat,monster,,other,keyword,keyword ActorTypeCreature only (catch-all),Beast,keyword,,ActorTypeCreature,,Blighted Puker
2805695A,mihailcorprusghoulraza,Gargoyle,Journey to Baan Malur.esp,Journey to Baan Malur and Morrowind,1,0,combat,monster,,other,keyword,keyword ActorTypeCreature only (catch-all),Beast,keyword,,ActorTypeCreature,,Blighted Ghoul
28051852,mihailcorprushunterraza,Gargoyle,Journey to Baan Malur.esp,Journey to Baan Malur and Morrowind,1,0,combat,monster,,other,keyword,keyword ActorTypeCreature only (catch-all),Beast,keyword,,ActorTypeCreature,,Blighted Brute
1F152151,EC_SS_CorruptedSprigganBossRaceDementia,Gnarl Elder,Skyrim Extended Cut - Saints and Seducers.esp,Skyrim Extended Cut - Saints and Seducers,1,0,combat,monster,,spriggan,keyword,keyword REQ_Spriggan,Beast,keyword,,ActorTypeCreature,,Gnarl Elder
23337CC2,GRVEWitchPriestRace,Herrah,FalkreathShades.esp,Gravewind (inferred from GRVE prefix),1,1,combat,monster,,other,keyword,keyword ActorTypeCreature only (catch-all),Beast,keyword,,ActorTypeCreature,,"Herrah, of Skyrim"
96005901,mihail_monster_snowray_race,Ice Wraith,mihailseagiants.esp,Sea Giants - Mihail Monsters and Animals,1,0,combat,monster,element_frost,elemental,keyword,keyword ActorTypeCreature only (catch-all),Beast,keyword,,ActorTypeCreature,,Tamed Snowray
FE069838,_Sn_DLC2LurkerRace,Lurker,Shockwave.esl,unresolved (Shockwave.esl),1,0,combat,monster,,other,keyword,keyword ActorTypeCreature only (catch-all),Beast,keyword,,ActorTypeCreature,ActorTypeDragon=1,The Deep One
FE065910,_AII_StoneGargoyleRace,Stone Gargoyle,AncientBloodII.esl,Ancient Blood Magic II,1,0,combat,monster,,gargoyle,keyword,keyword ActorTypeCreature only (catch-all),Beast,keyword,,ActorTypeCreature,ActorTypeVampireBrute=1,Stone Gargoyle
00013209,WitchlightRace,Wisp,Skyrim.esm,Skyrim (base game),1,0,combat,monster,,other,keyword,keyword ActorTypeCreature only (catch-all),Beast,keyword,,ActorTypeCreature,,Wisp
04029EFC,DLC2dunInstrumentsRace,Witchlight,Dragonborn.esm,Dragonborn (DLC),1,1,technical,monster,,other,keyword,keyword ActorTypeCreature only (catch-all),Beast,keyword,,ActorTypeCreature,,
0009AA44,SprigganSwarmRace,Witchlight,Skyrim.esm,Skyrim (base game),1,0,combat,monster,,spriggan,keyword,keyword ActorTypeCreature only (catch-all),Beast,keyword,,ActorTypeCreature,,Spriggan Swarm
00000019,DefaultRace,Default Race,Skyrim.esm,Skyrim (base game),268,1,technical,none,,,keyword,no type keyword,Humanoid,name,,,,TestJeremyBig;TestJeremySmall;TestJeremyRegular;AudioTemplateElk;AudioTemplateHorse
0403C35F,DLC2FakeCoffinRace,,Dragonborn.esm,Dragonborn (DLC),1,0,technical,none,,,keyword,no type keyword,Humanoid,name,,,,
FE06C82D,_PU_InvisibleRace,Invisible Race,WizardingTraversal.esl,Wizarding Traversal Magic,1,0,technical,none,,,keyword,no type keyword,Humanoid,name,,,,
00013206,TrollFrostRace,Snow Troll,Skyrim.esm,Skyrim (base game),9,1,combat,troll,animal,,keyword,keyword ActorTypeTroll,Beast,keyword,,ActorTypeAnimal;ActorTypeCreature;ActorTypeTroll,ActorTypeGhost=1;ActorTypeSpirit=1;ActorTypeUndead=1,Frost Troll;Guardian Troll Spirit;Kru'ul;Potent Spirit Troll
00013205,TrollRace,Troll,Skyrim.esm,Skyrim (base game),9,2,combat,troll,animal,,keyword,keyword ActorTypeTroll,Beast,keyword,,ActorTypeAnimal;ActorTypeCreature;ActorTypeTroll,ActorTypeSpirit=1,Troll;Undead Troll;Ulik;Spirit Troll;The Beast
020117F4,DLC1TrollFrostRaceArmored,Snow Troll,Dawnguard.esm,Dawnguard (DLC),4,0,combat,troll,animal,,keyword,keyword ActorTypeTroll,Beast,keyword,,ActorTypeAnimal;ActorTypeCreature;ActorTypeTroll,,Armored Frost Troll;Hugo
FE74E800,mihailudefrykte_race,Troll,mihailudefryktereplacer.esp,Udefrykte Replacer - Mihail,3,0,combat,troll,animal,,keyword,keyword ActorTypeTroll,Beast,keyword,,ActorTypeAnimal;ActorTypeCreature;ActorTypeTroll,,Troll;Uderfrykte;Udefrykte Matron
020117F5,DLC1TrollRaceArmored,Troll,Dawnguard.esm,Dawnguard (DLC),3,1,combat,troll,animal,,keyword,keyword ActorTypeTroll,Beast,keyword,,ActorTypeAnimal;ActorTypeCreature;ActorTypeTroll,,"Armored Troll;B'ghee B'huz, King of Trolls"
FE3049FA,og_TrollFrostGrahlRace,Grahl,Morrowind Creatures Merge.esp,"LoreRim merge ""Morrowind Creatures"" (source mods unresolved)",2,0,combat,troll,animal,,keyword,keyword ActorTypeTroll,Beast,keyword,,ActorTypeAnimal;ActorTypeCreature;ActorTypeTroll,,Grahl;Armored Grahl
96015042,mihail_monster_grahl_race,Snow Troll,mihailseagiants.esp,Sea Giants - Mihail Monsters and Animals,2,0,combat,troll,animal,,keyword,keyword ActorTypeTroll,Beast,keyword,,ActorTypeAnimal;ActorTypeCreature;ActorTypeTroll,,Grahl;Grahl Matron
FE6E1800,mihailtrollcub_race,Troll,mihailtrollcub.esp,Troll Cubs - Mihail,2,0,combat,troll,animal,,keyword,keyword ActorTypeTroll,Beast,keyword,,ActorTypeAnimal;ActorTypeCreature;ActorTypeTroll,,Troll Cub;Frost Troll Cub
FE304A12,og_TrollFrostGrahlRaceFollower,Grahl,Morrowind Creatures Merge.esp,"LoreRim merge ""Morrowind Creatures"" (source mods unresolved)",1,0,combat,troll,animal,,keyword,keyword ActorTypeTroll,Beast,keyword,,ActorTypeAnimal;ActorTypeCreature;ActorTypeTroll,,Armored Grahl
00088794,NordRaceVampire,Nord,Skyrim.esm,Skyrim (base game),2227,9,combat,undead,humanoid,vampire,keyword,keyword ActorTypeUndead,Undead,keyword,,ActorTypeNPC;ActorTypeUndead;Vampire,ActorTypeUndead=5,Vampire;Hert;Hern;Orthjolf;Rargal Thrallmaster
0008883C,BretonRaceVampire,Breton,Skyrim.esm,Skyrim (base game),2203,4,combat,undead,humanoid,vampire,keyword,keyword ActorTypeUndead,Undead,keyword,,ActorTypeNPC;ActorTypeUndead;Vampire,ActorTypeUndead=3,Vampire;Laelette the Vampire;Sybille Stentor;Modhna;Paulo
0008883D,DarkElfRaceVampire,Dunmer,Skyrim.esm,Skyrim (base game),2009,9,combat,undead,humanoid,vampire,keyword,keyword ActorTypeUndead,Undead,keyword,,ActorTypeNPC;ActorTypeUndead;Vampire,ActorTypeUndead=2,Vampire;Garan Marethi;Feran Sadri;Vampire Naturalist;Llorinea
00088844,ImperialRaceVampire,Imperial,Skyrim.esm,Skyrim (base game),1898,4,combat,undead,humanoid,vampire,keyword,keyword ActorTypeUndead,Undead,keyword,,ActorTypeNPC;ActorTypeUndead;Vampire,ActorTypeUndead=1,Vampire;Salonia Caelia;Bard;Jericho;Lovidicus
00088840,HighElfRaceVampire,Altmer,Skyrim.esm,Skyrim (base game),1393,4,combat,undead,humanoid,vampire,keyword,keyword ActorTypeUndead,Undead,keyword,,ActorTypeNPC;ActorTypeUndead;Vampire,ActorTypeUndead=1,Vampire;Vingalmo;Feral Vampire;Aredhel;Seridur
000A82B9,OrcRaceVampire,Orsimer,Skyrim.esm,Skyrim (base game),624,5,combat,undead,humanoid,vampire,keyword,keyword ActorTypeUndead,Undead,keyword,,ActorTypeNPC;ActorTypeUndead;Vampire,ActorTypeUndead=2,Malkus;Gray Prince;The Gray Prince;Gwaji gro-Agnam;Vampire
0008883A,ArgonianRaceVampire,Argonian,Skyrim.esm,Skyrim (base game),614,1,combat,undead,humanoid,vampire,keyword,keyword ActorTypeUndead,Undead,keyword,,ActorTypeNPC;ActorTypeUndead;Vampire,,Guardian of Coldharbour;Vampire;Plants-Dreams
00088884,WoodElfRaceVampire,Bosmer,Skyrim.esm,Skyrim (base game),614,1,combat,undead,humanoid,vampire,keyword,keyword ActorTypeUndead,Undead,keyword,,ActorTypeNPC;ActorTypeUndead;Vampire,ActorTypeUndead=1,Ronthil;Waiter;Vampire
00088846,RedguardRaceVampire,Redguard,Skyrim.esm,Skyrim (base game),614,1,combat,undead,humanoid,vampire,keyword,keyword ActorTypeUndead,Undead,keyword,,ActorTypeNPC;ActorTypeUndead;Vampire,ActorTypeUndead=1,Namasur;Vampire
00088845,KhajiitRaceVampire,Khajiit,Skyrim.esm,Skyrim (base game),612,0,combat,undead,humanoid,vampire,keyword,keyword ActorTypeUndead,Undead,keyword,,ActorTypeNPC;ActorTypeUndead;Vampire,,Vampire
00000D53,DraugrRace,Draugr,Skyrim.esm,Skyrim (base game),359,12,combat,undead,,draugr,keyword,keyword ActorTypeUndead,Undead,keyword,,ActorTypeCreature;ActorTypeUndead,ActorTypeGhost=2;ActorTypeUndead=2,Draugr;Japhet;Suleyk;Mummy;Ben Sala
FE3049CF,ogcd_DraugrRace,Draugr,Morrowind Creatures Merge.esp,"LoreRim merge ""Morrowind Creatures"" (source mods unresolved)",296,0,combat,undead,,draugr,keyword,keyword ActorTypeUndead,Undead,keyword,,ActorTypeCreature;ActorTypeUndead,,Draugr
000B7998,skeletonRace,Skeleton,Skyrim.esm,Skyrim (base game),121,13,combat,undead,,other,keyword,keyword ActorTypeUndead,Undead,keyword,,ActorTypeCreature;ActorTypeUndead,,Skeleton;Anders;Nystrom;Conjurer;Gaston Bellefort
300B07E1,zzzCHBoneHumanRace,Bone Human Race,Vigilant.esm,VIGILANT SE,88,12,combat,undead,humanoid,skeleton,keyword,keyword ActorTypeUndead,Undead,keyword,,ActorTypeNPC;ActorTypeUndead,,Soul-Shriven Knight of the Nine;Follower of Mara;Dinok the Gray;Slave Trader;Master Chef River Jumper
020023E2,SkeletonArmorRace,Skeleton,Dawnguard.esm,Dawnguard (DLC),54,1,combat,undead,,skeleton,keyword,keyword ActorTypeUndead,Undead,keyword,,ActorTypeCreature;ActorTypeUndead,,Skeleton;Ulfnir Bone-Skin;Skeleton Guardian;Jytia;Bjalfi
FEA0D819,DraugrHumanoid,Draugr Humanoid,LoreRim - Magink Bosses.esp,LoreRim (Magink Bosses),42,16,combat,undead,,draugr,keyword,keyword ActorTypeUndead,Undead,keyword,,ActorTypeCreature;ActorTypeUndead,ActorTypeGhost=3;ActorTypeUndead=1,Potema's Remains;Malkoran's Shade;Sigdis Gauldurson;Halldir;Draugr
FE001D6B,ccBGSSSE003ZombieRace,Zombie,ccbgssse003-zombies.esl,Creation Club: Plague of the Dead,41,0,combat,undead,,other,keyword,keyword ActorTypeUndead,Undead,keyword,,ActorTypeCreature;ActorTypeUndead,,Zombie;Foul Zombie
000B9FD7,RigidSkeletonRace,Skeleton,Skyrim.esm,Skyrim (base game),31,11,combat,undead,,skeleton,keyword,keyword ActorTypeUndead,Undead,keyword,,ActorTypeCreature;ActorTypeUndead,,Skeleton;Gauldur;Skeggr;Advard;Drokt
FE7F8858,DragonPriestHumanoid,Dragon Priest Humanoid,Humanoid Dragon Priest.esp,Humanoid Dragon Priests,29,12,combat,undead,humanoid,lich,keyword,keyword ActorTypeUndead,Undead,keyword,,ActorTypeCreature;ActorTypeNPC;ActorTypeUndead,ActorTypeGhost=2;ActorTypeUndead=2,Dragon Priest;Krosis;Nahkriin;Morokei;Hevnoraak
000EB872,SkeletonNecroRace,Skeleton,Skyrim.esm,Skyrim (base game),22,0,combat,undead,spectral,spectral,keyword,keyword ActorTypeUndead,Undead,keyword,,ActorTypeCreature;ActorTypeGhost;ActorTypeUndead,,Corrupted Shade;Charred horror;Corrupted Alik'r Warrior
30080D51,zzzCHAlessianGhoulRace,Soul Shriven Race,Vigilant.esm,VIGILANT SE,19,1,combat,undead,,other,keyword,keyword ActorTypeUndead,Undead,keyword,,ActorTypeCreature;ActorTypeUndead,,Alessian Priest;Soul-Shriven;Beggar Chief;Archpriest Centius;Vicn
300818A6,zzzCHAlessianSleeperRace,Alessian Sleeper Race,Vigilant.esm,VIGILANT SE,17,5,combat,undead,,other,keyword,keyword ActorTypeUndead,Undead,keyword,,ActorTypeCreature;ActorTypeUndead,,Alessian Inquisitor;Festering Alessian Inquisitor;Inquisitor Pepe
22084640,000FCZombieRace,Zombie,ForgottenCity.esp,The Forgotten City,15,2,combat,undead,humanoid,other,keyword,NPC-record ActorTypeUndead/Ghost on >50%,Humanoid,keyword,Humanoid -> undead,ActorTypeNPC,ActorTypeUndead=13,Brandas;The Arbiter;Burnt Corpse;Burnt Horror;Burnt Zombie
FE03780C,ccVSVSSE003_LichRace,Dragon Priest,ccvsvsse003-necroarts.esl,Creation Club: Necromantic Grimoire,14,0,combat,undead,spectral,spectral,keyword,keyword ActorTypeUndead,Undead,keyword,,ActorTypeCreature;ActorTypeUndead,ActorTypeGhost=14;ActorTypeUndead=14,Cursed Spectre;Ancient Deathpriest;Arch Necromancer;Lich
0B1DB955,ccBGSSSE067_WightRace,Wight,ccbgssse067-daedinv.esm,Creation Club: (daedinv),14,0,combat,undead,,draugr,keyword,keyword ActorTypeUndead,Undead,keyword,,ActorTypeCreature;ActorTypeUndead,,Wight;Wight Lord
270988F7,TOK_RACE_SkeletonGreaterRace,Ayleid Skeleton,Tools of Kagrenac.esp,The Tools of Kagrenac,13,0,combat,undead,,skeleton,keyword,keyword ActorTypeUndead,Undead,keyword,,ActorTypeCreature;ActorTypeUndead,,Ayleid Skeleton;Ayleid Warden;Ayleid Champion
0201AACC,FalmerFrozenVampRace,Falmer,Dawnguard.esm,Dawnguard (DLC),13,0,combat,undead,humanoid,vampire,keyword,keyword ActorTypeUndead,Undead,keyword,,ActorTypeCreature;ActorTypeUndead;Vampire,,Frozen Falmer Shaman;Frozen Vampire Falmer;Frozen Shaman
270988F6,TOK_RACE_SkeletonLesserRace,Ayleid Skeleton,Tools of Kagrenac.esp,The Tools of Kagrenac,12,0,combat,undead,,skeleton,keyword,keyword ActorTypeUndead,Undead,keyword,,ActorTypeCreature;ActorTypeUndead,,Ayleid Warrior;Ayleid Archer
30510AE1,zzzCHMntrRaceVampire,Minotaur Race,Vigilant.esm,VIGILANT SE,12,0,combat,undead,humanoid,vampire,keyword,keyword ActorTypeUndead,Undead,keyword,,ActorTypeAnimal;ActorTypeNPC;ActorTypeUndead,,Minotaur Vampire
30080D50,zzzCHAlessianLawmageRace,Alessian Lawmage Race,Vigilant.esm,VIGILANT SE,11,0,combat,undead,,other,keyword,keyword ActorTypeUndead,Undead,keyword,,ActorTypeCreature;ActorTypeUndead,,Alessian Lawmage;Baptist Menelion;Inquisitor Narfin;Sorcerer Manthar
0401B637,DLC2AshSpawnRace,Ash Spawn,Dragonborn.esm,Dragonborn (DLC),10,0,combat,undead,,other,keyword,keyword ActorTypeUndead,Undead,keyword,,ActorTypeCreature;ActorTypeUndead,,Ash Spawn
0402A6FD,DLC2HulkingDraugrRace,Draugr,Dragonborn.esm,Dragonborn (DLC),10,1,combat,undead,,draugr,keyword,keyword ActorTypeUndead,Undead,keyword,,ActorTypeCreature;ActorTypeUndead,,Draugr;Hulking Draugr;Feral Draugr;Vaalthur'um
30053E71,zzzCOBuroRace,Malaburo Race,Vigilant.esm,VIGILANT SE,10,0,combat,undead,humanoid,other,keyword,keyword ActorTypeUndead,Undead,keyword,,ActorTypeNPC;ActorTypeUndead,ActorTypeUndead=10,Sacrifice;Rotten Sacrifice
30080D58,zzzCHShamblesRace,Shambles Race,Vigilant.esm,VIGILANT SE,10,1,combat,undead,,other,keyword,keyword ActorTypeUndead,Undead,keyword,,ActorTypeCreature;ActorTypeUndead,,Shambles
02006AFA,DLC1SoulCairnSkeletonNecroRace,Skeleton,Dawnguard.esm,Dawnguard (DLC),10,0,combat,undead,,skeleton,keyword,keyword ActorTypeUndead,Undead,keyword,,ActorTypeCreature;ActorTypeUndead,ActorTypeGhost=5,Mistman;Shade;Mist Man;Nightstrider's Manifestation
02019FD3,DLC1BlackSkeletonRace,Skeleton,Dawnguard.esm,Dawnguard (DLC),10,0,combat,undead,,skeleton,keyword,keyword ActorTypeUndead,Undead,keyword,,ActorTypeCreature;ActorTypeUndead,,Boneman
30080D60,zzzCHEbonyPriestRace,Soul Tormentor Race,Vigilant.esm,VIGILANT SE,10,0,combat,undead,,lich,keyword,keyword ActorTypeUndead,Undead,keyword,,ActorTypeCreature;ActorTypeUndead,,Alessian Tormentor;Soul Tormentor
000F71DC,DraugrMagicRace,Spectral Draugr,Skyrim.esm,Skyrim (base game),10,0,combat,undead,spectral,spectral,keyword,keyword ActorTypeUndead,Undead,keyword,,ActorTypeCreature;ActorTypeGhost;ActorTypeUndead,,Spectral Draugr;Spectral Archer;Spectral Warrior
30080D69,zzzCHBoneStormRace,Bone Storm Race,Vigilant.esm,VIGILANT SE,9,0,combat,undead,,skeleton,keyword,keyword ActorTypeUndead,Undead,keyword,,ActorTypeCreature;ActorTypeUndead,,Bone Storm
30080D56,zzzCHBoneWheelRace,Bone Wheel Race,Vigilant.esm,VIGILANT SE,9,0,combat,undead,,skeleton,keyword,keyword ActorTypeUndead,Undead,keyword,,ActorTypeCreature;ActorTypeUndead,,Bone Wheel
FE03780E,ccVSVSSE003_BoneColossusRace,Giant,ccvsvsse003-necroarts.esl,Creation Club: Necromantic Grimoire,9,1,combat,undead,,skeleton,keyword,keyword ActorTypeUndead,Undead,keyword,,ActorTypeCreature;ActorTypeUndead,ActorTypeUndead=9,Bone Colossus;Corrupter of Hearts
30036C11,zzzBMLichVampireRace,Lich Vampire Race,Vigilant.esm,VIGILANT SE,9,1,combat,undead,,vampire,keyword,keyword ActorTypeUndead,Undead,keyword,,ActorTypeCreature;ActorTypeUndead,,Bloodlich;Facis
A41F33DF,aaaLucDweWarriorRace,Nord,Lucien.esp,Lucien - Immersive Fully Voiced Male Follower,9,1,combat,undead,humanoid,vampire,keyword,keyword Vampire,Undead,keyword,,ActorTypeNPC;Vampire,,Dumzbthar;Dwarven Sentinel;Dwarven Commander
30080D59,zzzCHShamblesLordRace,Shambles Lord Race,Vigilant.esm,VIGILANT SE,9,0,combat,undead,,other,keyword,keyword ActorTypeUndead,Undead,keyword,,ActorTypeCreature;ActorTypeUndead,,Shambles Lord
30080D53,zzzCHVarlaHoundRace,Varla Hound Race,Vigilant.esm,VIGILANT SE,9,2,combat,undead,,other,keyword,keyword ActorTypeUndead,Undead,keyword,,ActorTypeCreature;ActorTypeUndead,,Varla's Hound;Umar;Maril
302B8859,zzzCHBoneHumanBossRace,Bone Human Race,Vigilant.esm,VIGILANT SE,8,3,combat,undead,humanoid,skeleton,keyword,keyword ActorTypeUndead,Undead,keyword,,ActorTypeNPC;ActorTypeUndead,ActorTypeUndead=4,Sir Casimir;Daedalus the Loyalist;Sir Torolf;Blademaster;Nataan the Blood Scion
30080D54,zzzCHBoneLooperRace,Bone Looper Race,Vigilant.esm,VIGILANT SE,8,0,combat,undead,,skeleton,keyword,keyword ActorTypeUndead,Undead,keyword,,ActorTypeCreature;ActorTypeUndead,,Bone Crawler
0200C5F0,DLC1DeathHoundRace,Dog,Dawnguard.esm,Dawnguard (DLC),8,0,combat,undead,,other,keyword,keyword ActorTypeUndead,Undead,keyword,,ActorTypeCreature;ActorTypeUndead,ActorTypeUndead=1,Death Hound
300D881E,zzzBMFalVampRace,Feral Vampire Race,Vigilant.esm,VIGILANT SE,8,0,combat,undead,,vampire,keyword,keyword ActorTypeUndead,Undead,keyword,,ActorTypeCreature;ActorTypeUndead,ActorTypeUndead=7,Bloodfiend
30530B0B,zzzCOCursedGiantRace,Giant,Vigilant.esm,VIGILANT SE,8,1,combat,undead,,other,keyword,keyword ActorTypeUndead,Undead,keyword,,ActorTypeCreature;ActorTypeUndead,ActorTypeUndead=8,Blood-Cursed Giant;Judge of Corruption
30036C10,zzzBMTrollVampireRace,Troll Vampire Race,Vigilant.esm,VIGILANT SE,8,0,combat,undead,,vampire,keyword,keyword ActorTypeUndead,Undead,keyword,,ActorTypeCreature;ActorTypeUndead,,Bloodknight
3004204C,zzzCOVabriaBuroRace,Vabria Buro Race,Vigilant.esm,VIGILANT SE,8,1,combat,undead,,other,keyword,keyword ActorTypeUndead,Undead,keyword,,ActorTypeCreature;ActorTypeUndead,,Flesh Reaper;Frothing Sage
30041AE0,zzzCOBuroDancerRace,Arpen Buro Race,Vigilant.esm,VIGILANT SE,7,1,combat,undead,,other,keyword,keyword ActorTypeUndead,Undead,keyword,,ActorTypeCreature;ActorTypeUndead,,Blood-Cursed Dancer;Sybilla of Shivers
000131EF,DragonPriestRace,Dragon Priest,Skyrim.esm,Skyrim (base game),7,2,combat,undead,,lich,keyword,keyword ActorTypeUndead,Undead,keyword,,ActorTypeCreature;ActorTypeUndead,ActorTypeGhost=2;ActorTypeUndead=2,Ayleid Lich;Norion the Undying;Vulom;Dragon Priest;Ghostly Flame Lich
FE3049D1,ogcd_DLC2HulkingDraugrRace,Draugr,Morrowind Creatures Merge.esp,"LoreRim merge ""Morrowind Creatures"" (source mods unresolved)",7,0,combat,undead,,draugr,keyword,keyword ActorTypeUndead,Undead,keyword,,ActorTypeCreature;ActorTypeUndead,,Draugr
3004052E,zzzCOFleshSpiritRace,Flesh Spirit Race,Vigilant.esm,VIGILANT SE,7,0,combat,undead,,other,keyword,keyword ActorTypeUndead,Undead,keyword,,ActorTypeCreature;ActorTypeUndead,,Flesh Spirit
30530B0A,zzzCOCursedOrphanRace,Cursed Orphan,Vigilant.esm,VIGILANT SE,6,0,combat,undead,,other,keyword,keyword ActorTypeUndead,Undead,keyword,,ActorTypeCreature;ActorTypeUndead,ActorTypeUndead=6,Blood-Cursed Larva
FE06585C,_AII_EternalLegionRace,Eternal Legion,AncientBloodII.esl,Ancient Blood Magic II,6,0,combat,undead,,other,keyword,keyword ActorTypeUndead,Undead,keyword,,ActorTypeCreature;ActorTypeUndead,,Abyss Flayer;Soul Defiler;Warrior of Doom;Chaos Knight;Swordstress of Oblivion
01002F93,ccBGSSSE036_BoneWolfCompanionRace,Dog,Update.esm,Skyrim (base game),5,1,pet_mount,undead,,skeleton,keyword,keyword ActorTypeUndead,Undead,keyword,,ActorTypeAnimal;ActorTypeCreature;ActorTypeUndead,ActorTypeUndead=4,Thrall Wolf;Bone Wolf;Bonewolf
30041575,zzzCOFleshGuardianRace,Flesh Guardian Race,Vigilant.esm,VIGILANT SE,5,0,combat,undead,,other,keyword,keyword ActorTypeUndead,Undead,keyword,,ActorTypeCreature;ActorTypeUndead,,Flesh Guardian
300B5AAC,zzzCHArachneRaceLarge,Arachne Giant Race,Vigilant.esm,VIGILANT SE,4,0,combat,undead,arthropod,other,keyword,keyword ActorTypeUndead,Undead,keyword,,ActorTypeCreature;ActorTypeUndead,,Alessian Sister
300B5AAB,zzzCHArachneRaceGiant,Arachne Giant Race,Vigilant.esm,VIGILANT SE,4,0,combat,undead,arthropod,other,keyword,keyword ActorTypeUndead,Undead,keyword,,ActorTypeCreature;ActorTypeUndead,,Alessian Sister
30080D52,zzzCHBoneHorseRace,Bone Horse Race,Vigilant.esm,VIGILANT SE,4,0,combat,undead,,skeleton,keyword,keyword ActorTypeUndead,Undead,keyword,,ActorTypeCreature;ActorTypeUndead,ActorTypeHorse=2,Skeletal Horse;Skeletal Unicorn
2F62DAD1,manny_GF_Race_Draukiir,Draukiir,Gray Fox Cowl.esm,Betalille's Hammerfell Quests Bundle - The Gray Cowl of Nocturnal,4,0,combat,undead,,draugr,keyword,keyword ActorTypeUndead,Undead,keyword,,ActorTypeCreature;ActorTypeUndead,,Freed Draukiir;Draukiir
2A01772A,NecroLichRace,Lich,Undeath.esp,Undeath Remastered,4,0,combat,undead,,lich,keyword,keyword ActorTypeUndead,Undead,keyword,,ActorTypeLich;ActorTypeUndead,ActorTypeNecroBoss=1;ActorTypeUndead=1,Lich;Ancient Lich
23056BE4,GRVEShadowmanRace,Shade,FalkreathShades.esp,Gravewind (inferred from GRVE prefix),4,0,combat,undead,spectral,spectral,keyword,keyword ActorTypeUndead,Undead,keyword,,ActorTypeCreature;ActorTypeUndead,,Shade;Gravewind Servant
0200283A,DLC1VampireBeastRace,Vampire Lord,Dawnguard.esm,Dawnguard (DLC),4,0,combat,undead,,vampire,keyword,keyword ActorTypeUndead,Undead,keyword,,ActorTypeUndead;Vampire,ActorTypeDLC1Boss=3;ActorTypeUndead=3,Lord Harkon;Load Dummy
FE03780F,ccVSVSSE003_WailingWraithRace,Wisp,ccvsvsse003-necroarts.esl,Creation Club: Necromantic Grimoire,4,0,combat,undead,spectral,spectral,keyword,NPC-record ActorTypeUndead/Ghost on >50%,Beast,keyword,Beast -> undead,ActorTypeCreature,ActorTypeGhost=4;ActorTypeUndead=4,Sundered Shade
00013208,WispRace,Wisp Mother,Skyrim.esm,Skyrim (base game),4,0,combat,undead,spectral,spectral,keyword,NPC-record ActorTypeUndead/Ghost on >50%,Beast,keyword,Beast -> undead,ActorTypeCreature,ActorTypeGhost=3;ActorTypeUndead=3,The Pale Lady;Queen Potema;Wispmother;The Valedrynn
304FE93E,zzzCHBoneHumanBossRacex020,Bone Human Race,Vigilant.esm,VIGILANT SE,3,1,combat,undead,humanoid,skeleton,keyword,keyword ActorTypeUndead,Undead,keyword,,ActorTypeNPC;ActorTypeUndead,,Maram the Slaughterer
FE6F3800,mihailwraithrace,Draugr,mihailwraiths.esp,Wraiths - Mihail Monsters and Animals,3,0,combat,undead,spectral,spectral,keyword,keyword ActorTypeUndead,Undead,keyword,,ActorTypeCreature;ActorTypeGhost;ActorTypeUndead,,Wraith;Gloom Wraith;Sanctified Wraith
2321F8BB,GRVEGolemShooterRace,Grave Guardian,FalkreathShades.esp,Gravewind (inferred from GRVE prefix),3,0,combat,undead,,other,keyword,keyword ActorTypeUndead,Undead,keyword,,ActorTypeUndead,,Grave Guardian
0401CAD8,DLC2GhostFrostGiantRace,Karstaag,Dragonborn.esm,Dragonborn (DLC),3,0,combat,undead,giant;spectral,spectral,keyword,NPC-record ActorTypeUndead/Ghost on >50%,Beast,keyword,Beast -> undead,ActorTypeCreature,ActorTypeDaedra=2;ActorTypeGhost=2;ActorTypeGiant=3;ActorTypeUndead=2,Karstaag;Giant
30080D5F,zzzCHEbonyGiantRace,Metalic Giant Race,Vigilant.esm,VIGILANT SE,3,0,combat,undead,giant,other,keyword,keyword ActorTypeUndead,Undead,keyword,,ActorTypeCreature;ActorTypeGiant;ActorTypeUndead,,Alessian Royal Guard;Alessian Giant Knight
FE03780D,ccVSVSSE003_TorturedShadeRace,Skeleton,ccvsvsse003-necroarts.esl,Creation Club: Necromantic Grimoire,3,0,combat,undead,spectral,spectral,keyword,keyword ActorTypeUndead,Undead,keyword,,ActorTypeCreature;ActorTypeGhost;ActorTypeUndead,ActorTypeGhost=3;ActorTypeUndead=3,Tortured Shade
232AE33B,GRVEThundermanRace,Surging Shade,FalkreathShades.esp,Gravewind (inferred from GRVE prefix),3,0,combat,undead,spectral,spectral,keyword,keyword ActorTypeUndead,Undead,keyword,,ActorTypeCreature;ActorTypeUndead,,Surging Wraith;Risen Wraith
300FEE63,zzzCHArachneIronRaceGiant,Arachne Giant Race,Vigilant.esm,VIGILANT SE,2,0,combat,undead,arthropod,other,keyword,keyword ActorTypeUndead,Undead,keyword,,ActorTypeCreature;ActorTypeUndead,,Aria the Whisperer
301E5405,zzzCHBlackHandRace,Black Hand Race,Vigilant.esm,VIGILANT SE,2,2,combat,undead,humanoid,other,keyword,keyword ActorTypeUndead,Undead,keyword,,ActorTypeNPC;ActorTypeUndead,,Black Hand
300461D9,zzzCOLichChild,Child of Oblivion Race,Vigilant.esm,VIGILANT SE,2,1,combat,undead,,lich,keyword,keyword ActorTypeUndead,Undead,keyword,,ActorTypeCreature;ActorTypeUndead,,Child of Oblivion;Julius
02003D02,DLC1DeathHoundCompanionRace,Deathhound,Dawnguard.esm,Dawnguard (DLC),2,2,pet_mount,undead,,other,keyword,keyword ActorTypeUndead,Undead,keyword,,ActorTypeCreature;ActorTypeUndead,,Garmr;CuSith
67005901,TVR_Demon_Race_ConjureOathbreaker,Dragon Priest,Triumvirate - Mage Archetypes.esp,Triumvirate - Mage Archetypes,2,0,summon,undead,,other,keyword,keyword ActorTypeUndead,Undead,keyword,,ActorTypeCreature;ActorTypeUndead,,Potent Magister;Magister
304F7BB8,zzzCHAlessianGiantRacex20,Giant Alessian Race,Vigilant.esm,VIGILANT SE,2,1,combat,undead,giant,other,keyword,keyword ActorTypeUndead,Undead,keyword,,ActorTypeCreature;ActorTypeGiant;ActorTypeUndead,ActorTypeGiant=2,Warden Uighool
30145099,zzzCHAlessianGiantRace,Giant Alessian Race,Vigilant.esm,VIGILANT SE,2,0,combat,undead,giant,other,keyword,keyword ActorTypeUndead,Undead,keyword,,ActorTypeCreature;ActorTypeGiant;ActorTypeUndead,ActorTypeGiant=2,Countess Tarla;Count Lead
304F57BE,zzzCHEbonyGiantRacex15,Metalic Giant Race,Vigilant.esm,VIGILANT SE,2,0,combat,undead,giant,other,keyword,keyword ActorTypeUndead,Undead,keyword,,ActorTypeCreature;ActorTypeGiant;ActorTypeUndead,,Belharza's Giant Dragonrider Knight;Belharza's Giant Dragonblood Knight
3022650F,zzzCHPopeWreckRace,Pope Wreck Race,Vigilant.esm,VIGILANT SE,2,1,combat,undead,,other,keyword,keyword ActorTypeUndead,Undead,keyword,,ActorTypeCreature;ActorTypeUndead,,Pope Megus
2319BA18,GRVEPutridmanRace,Putrid Mass,FalkreathShades.esp,Gravewind (inferred from GRVE prefix),2,0,combat,undead,,other,keyword,keyword ActorTypeUndead,Undead,keyword,,ActorTypeCreature;ActorTypeUndead,,Putrid Mass
3054402C,zzzCHGiantRaceRitho,Ritho Giant Race,Vigilant.esm,VIGILANT SE,2,1,combat,undead,giant,other,keyword,keyword ActorTypeUndead,Undead,keyword,,ActorTypeCreature;ActorTypeGiant;ActorTypeUndead,ActorTypeUndead=2,Giant Knight Ritho
1F1726C1,EC_SS_ShamblesRace,Shambles,Skyrim Extended Cut - Saints and Seducers.esp,Skyrim Extended Cut - Saints and Seducers,2,0,combat,undead,,other,keyword,keyword ActorTypeUndead,Undead,keyword,,ActorTypeUndead,,Replete Shambles;Shambles
000F905F,MG07DogRace,Spectral Warhound,Skyrim.esm,Skyrim (base game),2,0,combat,undead,spectral,spectral,keyword,keyword ActorTypeUndead,Undead,keyword,,ActorTypeAnimal;ActorTypeCreature;ActorTypeGhost;ActorTypeUndead,,Spectral Warhound
23056BEC,GRVEVomitingMassRace,Walking Mound,FalkreathShades.esp,Gravewind (inferred from GRVE prefix),2,0,combat,undead,,other,keyword,keyword ActorTypeUndead,Undead,keyword,,ActorTypeCreature;ActorTypeUndead,,Walking Mound
02002AE0,DLC1SoulCairnSoulWispRace,Witchlight,Dawnguard.esm,Dawnguard (DLC),2,0,combat,undead,spectral,spectral,keyword,keyword ActorTypeUndead,Undead,keyword,,ActorTypeUndead,,Whispering Spirit
300B5AAD,zzzCHArachneRaceSmall,Arachne Giant Race,Vigilant.esm,VIGILANT SE,1,0,combat,undead,arthropod,other,keyword,keyword ActorTypeUndead,Undead,keyword,,ActorTypeCreature;ActorTypeUndead,,Alessian Sister
2740B092,TOK_RACE_AyleidLichRace,Ayleid Lich,Tools of Kagrenac.esp,The Tools of Kagrenac,1,0,combat,undead,,lich,keyword,keyword ActorTypeUndead,Undead,keyword,,ActorTypeCreature;ActorTypeUndead,,Ayleid Lich
FE065800,_AII_BossRace,Blood Matriarch,AncientBloodII.esl,Ancient Blood Magic II,1,1,combat,undead,,other,keyword,keyword ActorTypeUndead,Undead,keyword,,ActorTypeCreature;ActorTypeUndead,ActorTypeDragon=1;ActorTypeVampireBrute=1,The Night Matron
300B5A9C,zzzCHBoneStriderRace,Bone Strider Race,Vigilant.esm,VIGILANT SE,1,0,combat,undead,,skeleton,keyword,keyword ActorTypeUndead,Undead,keyword,,ActorTypeCreature;ActorTypeUndead,,Bone Strider
32006E77,zzzPOBabetteRace,Breton,Penitus_Oculatus.esp,Penitus Oculatus,1,0,combat,undead,humanoid,vampire,keyword,keyword ActorTypeUndead,Undead,keyword,,ActorTypeNPC;ActorTypeUndead;Vampire,,Babette
00108272,BretonRaceChildVampire,Breton,Skyrim.esm,Skyrim (base game),1,1,child,undead,humanoid,vampire,keyword,keyword ActorTypeUndead,Undead,keyword,,ActorTypeNPC;ActorTypeUndead;Vampire,,Babette
302F337D,zzzCOClawlerRace,Clawler Race,Vigilant.esm,VIGILANT SE,1,0,combat,undead,,other,keyword,keyword ActorTypeUndead,Undead,keyword,,ActorTypeCreature;ActorTypeUndead,,Heather
000EBE18,SkeletonNecroPriestRace,Dragon Priest,Skyrim.esm,Skyrim (base game),1,0,combat,undead,,lich,keyword,keyword ActorTypeUndead,Undead,keyword,,ActorTypeCreature;ActorTypeUndead,ActorTypeUndead=1,Narnabus the Returned
0403911A,DLC2AcolyteDragonPriestRace,Dragon Priest,Dragonborn.esm,Dragonborn (DLC),1,1,combat,undead,,lich,keyword,keyword ActorTypeUndead,Undead,keyword,,ActorTypeCreature;ActorTypeUndead,,Durvith
25C2F9A1,WTVulomDragonPriestRace,Dragon Priest,Wyrmstooth.esp,Wyrmstooth,1,0,combat,undead,,lich,keyword,keyword ActorTypeUndead,Undead,keyword,,ActorTypeCreature;ActorTypeUndead,,Shade of Vulom
302DE6EB,zzzCHDraugrHumanBossRace,Draugr Human Race,Vigilant.esm,VIGILANT SE,1,1,combat,undead,humanoid,draugr,keyword,keyword ActorTypeUndead,Undead,keyword,,ActorTypeNPC;ActorTypeUndead,,Tsun
30530B0C,zzzCHDraugrWrappedRace,Draugr Wrapped,Vigilant.esm,VIGILANT SE,1,1,combat,undead,,draugr,keyword,keyword ActorTypeUndead,Undead,keyword,,ActorTypeCreature;ActorTypeUndead,ActorTypeUndead=1,Emperor Belharza
000A82BA,ElderRaceVampire,Elder,Skyrim.esm,Skyrim (base game),1,0,combat,undead,humanoid,vampire,keyword,keyword ActorTypeUndead,Undead,keyword,,ActorTypeNPC;ActorTypeUndead;Vampire,,
3004778B,zzzAoMEmpusaRace,Empusa Race,Vigilant.esm,VIGILANT SE,1,1,combat,undead,,other,keyword,keyword ActorTypeUndead,Undead,keyword,,ActorTypeCreature;ActorTypeUndead,,Empusa
9F1E7FE3,NTMRGiantDraugrRace,Giant,RuneDreamstrides.esp,unresolved (NTMR prefix; probably Sleepwalking Into A Nightmare),1,1,combat,undead,,draugr,keyword,keyword ActorTypeUndead,Undead,keyword,,ActorTypeCreature;ActorTypeUndead,,Draugr Goliath
23121B13,GRVEHerrahDraugrRace,Herrah,FalkreathShades.esp,Gravewind (inferred from GRVE prefix),1,1,combat,undead,,draugr,manual,"manual: ""Wraithmother"", draugr skeleton, Creature only",Beast,keyword,Beast -> undead,ActorTypeCreature,,Wraithmother of Gravewind
1F0B3370,EC_SS_KnightofOrderRace,Knight of Order,Skyrim Extended Cut - Saints and Seducers.esp,Skyrim Extended Cut - Saints and Seducers,1,0,combat,undead,humanoid,vampire,keyword,keyword ActorTypeUndead,Undead,keyword,,ActorTypeNPC;ActorTypeUndead;Vampire,,Knight of Order
6601545E,WB_Lich_Race,Lich,Apocalypse - Magic of Skyrim.esp,Apocalypse - Magic of Skyrim,1,0,summon,undead,spectral,spectral,keyword,keyword ActorTypeUndead,Undead,keyword,,ActorTypeCreature;ActorTypeUndead,ActorTypeGhost=1;ActorTypeUndead=1,Lesser Lich
23121B0D,GRVEStatueRace,Living Statue,FalkreathShades.esp,Gravewind (inferred from GRVE prefix),1,0,combat,undead,,other,keyword,keyword ActorTypeUndead,Undead,keyword,,ActorTypeCreature;ActorTypeUndead,,Awakened Vessel
90000C4C,JEL_MinotaurLordRace,Minotaur,MorihausRefugeStandalone.esp,Morihaus' Refuge,1,0,combat,undead,spectral,spectral,keyword,NPC-record ActorTypeUndead/Ghost on >50%,Beast,keyword,Beast -> undead,ActorTypeCreature,ActorTypeGhost=1;ActorTypeUndead=1,Aspect of Morihaus
6601545D,WB_NetherLich_Race,Nether Lich,Apocalypse - Magic of Skyrim.esp,Apocalypse - Magic of Skyrim,1,0,summon,undead,,lich,keyword,keyword ActorTypeUndead,Undead,keyword,,ActorTypeCreature;ActorTypeUndead,ActorTypeUndead=1,Nether Lich
302E81EE,zzzCORedHagRace,Red Hag Race,Vigilant.esm,VIGILANT SE,1,0,combat,undead,,other,keyword,keyword ActorTypeUndead,Undead,keyword,,ActorTypeCreature;ActorTypeUndead,,Patricia
3004362B,zzzCORedWitchRace,Red Witch Race,Vigilant.esm,VIGILANT SE,1,1,combat,undead,,other,keyword,keyword ActorTypeUndead,Undead,keyword,,ActorTypeCreature;ActorTypeUndead,ActorTypeUndead=1,Julia the Crimson
1F1726C4,EC_SS_ShamblesRaceBoss,Shambles,Skyrim Extended Cut - Saints and Seducers.esp,Skyrim Extended Cut - Saints and Seducers,1,0,combat,undead,,other,keyword,keyword ActorTypeUndead,Undead,keyword,,ActorTypeUndead,,Masterwork Shambles
1F1726C3,EC_SS_ShamblesRaceRight,Shambles,Skyrim Extended Cut - Saints and Seducers.esp,Skyrim Extended Cut - Saints and Seducers,1,0,combat,undead,,other,keyword,keyword ActorTypeUndead,Undead,keyword,,ActorTypeUndead,,Shambles
1F1726C2,EC_SS_ShamblesRaceLeft,Shambles,Skyrim Extended Cut - Saints and Seducers.esp,Skyrim Extended Cut - Saints and Seducers,1,0,combat,undead,,other,keyword,keyword ActorTypeUndead,Undead,keyword,,ActorTypeUndead,,Shambles
FE34AD61,EN_SkeletonAncientAssassinRace,Skeletal Ancient Assassin,Assassin of Old - Remastered.esp,Edmond's Assassin of Old,1,0,combat,undead,humanoid,skeleton,keyword,keyword ActorTypeUndead,Undead,keyword,,ActorTypeNPC;ActorTypeUndead,,Dark Brotherhood Assassin
0403CECB,DLC2RigidSkeletonRace,Skeleton,Dragonborn.esm,Dragonborn (DLC),1,1,combat,undead,,skeleton,keyword,keyword ActorTypeUndead,Undead,keyword,,ActorTypeCreature;ActorTypeUndead,,
0200894D,DLC1SoulCairnSkeletonArmorRace,Skeleton,Dawnguard.esm,Dawnguard (DLC),1,0,combat,undead,,skeleton,keyword,keyword ActorTypeUndead,Undead,keyword,,ActorTypeCreature;ActorTypeUndead,,Wrathman
660BA395,WB_ConjureDeadeyeCaptain_Race,Skeleton,Apocalypse - Magic of Skyrim.esp,Apocalypse - Magic of Skyrim,1,0,summon,undead,,other,keyword,keyword ActorTypeUndead,Undead,keyword,,ActorTypeCreature;ActorTypeUndead,ActorTypeUndead=1,Deadeye Captain
FE06585B,_AII_DPriestBossRace,Skeleton Overlord,AncientBloodII.esl,Ancient Blood Magic II,1,1,combat,undead,,lich,keyword,keyword ActorTypeUndead,Undead,keyword,,ActorTypeCreature;ActorTypeUndead,ActorTypeDragon=1,Lord of Doom
30530B09,zzzCHSnakeCatRace,Snake Cat,Vigilant.esm,VIGILANT SE,1,1,combat,undead,,other,keyword,NPC-record ActorTypeUndead/Ghost on >50%,Beast,keyword,Beast -> undead,ActorTypeAnimal;ActorTypeCreature,ActorTypeUndead=1,Mar'so
3013C628,zzzCOStalkerRace,Stalker Race,Vigilant.esm,VIGILANT SE,1,0,combat,undead,,other,keyword,keyword ActorTypeUndead,Undead,keyword,,ActorTypeCreature;ActorTypeUndead,ActorTypeUndead=1,Summil
304F7BBC,zzzBMTrollVampireRaceBoss,Troll Vampire Race,Vigilant.esm,VIGILANT SE,1,1,combat,undead,,vampire,keyword,keyword ActorTypeUndead,Undead,keyword,,ActorTypeCreature;ActorTypeUndead,,Bloodknight Lord
30446854,zzzCOWitchWispRace,Wisp,Vigilant.esm,VIGILANT SE,1,0,combat,undead,spectral,spectral,keyword,keyword ActorTypeUndead,Undead,keyword,,ActorTypeCreature;ActorTypeUndead,ActorTypeUndead=1,Julia the Crimson
000CDD84,WerewolfBeastRace,Werewolf,Skyrim.esm,Skyrim (base game),23,0,combat,werebeast,,,keyword,keyword HRI_Lycan_Keyword_IsWerecreature / DLC2WerebearKeyword,Beast,keyword,,ActorTypeCreature,ActorTypeGhost=4;ActorTypeSpirit=2,Werewolf;Werewolf Spirit;Vilkas' Werewolf Spirit;Farkas' Werewolf Spirit;Kodlak's Werewolf Spirit
FE6F2800,mihailundeadwerewolfrace,Werewolf,mihailundeadwerewolf.esp,Undead Werewolves - Mihail,4,0,combat,werebeast,undead,,keyword,keyword HRI_Lycan_Keyword_IsWerecreature / DLC2WerebearKeyword,Undead,keyword,,ActorTypeCreature;ActorTypeUndead,ActorTypeUndead=4,Undead Werewolf;Undead Alpha Werewolf
0401E17B,DLC2WerebearBeastRace,Werebear,Dragonborn.esm,Dragonborn (DLC),3,0,combat,werebeast,,,keyword,keyword HRI_Lycan_Keyword_IsWerecreature / DLC2WerebearKeyword,Beast,keyword,,ActorTypeCreature,,Werebear;Pack Member
304F7BBE,zzzBMWereVampireRaceBoss,Were Vampire Race,Vigilant.esm,VIGILANT SE,1,1,combat,werebeast,undead,,name,name Were*,Undead,keyword,,ActorTypeCreature;ActorTypeUndead,,Nightmare of Ilinalta
300D9D5F,zzzBMWereVampireRace,Were Vampire Race,Vigilant.esm,VIGILANT SE,1,0,combat,werebeast,undead,,name,name Were*,Undead,keyword,,ActorTypeCreature;ActorTypeUndead,,Blood Scion
